Hotel Name,Advertised Price,Total Price
*New* 2 BR+patio+workspace+parking near Seton Hall,175,410
00 Cozy apt and easy transportation to New York City,215,345
1 Hotel Brooklyn Bridge,640.5769231,672.5384615
1 Hotel Central Park,586.5416667,575.0833333
11 Howard,433.3137255,540.9411765
1850s historic Row House 7min train to NYC with private backyard,268,676.5
1wny Cozy Transportation 2new York City,237,327
2 bedroom 2 bathroom 1700 square feet 20 miles from New York City.<br>,500,629
2 x Grand Deluxe King at Royalton Park Avenue,511.2424242,152.1212121
20% OFF | Near NYC‚òÖAirport 15 min‚òÖFree Parking‚òÖPlay Pool‚òÖGym‚òÖAmerican Dream Mall,399,640
3 West Club,250.9615385,291.3846154
"30% OFF-2br w/King bd, Near NYC, EWR and NJ Penn",338,551
31 Street Broadway Hotel,111.8,357.7
33 Seaport Hotel New York,580.7916667,676.6875
42 Hotel,382.7647059,442.8235294
4Bdrm and 2battrm centrally located in Newark close to NY/EWR/Berth Israel Hosp,200,378
5th & 55th Residence Club,472.5,460.5
6 Columbus Central Park Hotel,329.2916667,415.8541667
7 Days Hotel Bronx,175.5862069,205.0689655
7privateroom Jacuzzi/massage Sit/parking/15mins2ny,312.75,373.75
7privateroom Jacuzzimassage Sitparking15mins2ny,275.4,384.6
A place of home from home.,240,338.5
A quiet apartment near to everything with free parking,140,200.5416667
AC Hotel by Marriott New York Downtown,357.1020408,413.122449
AC Hotel by Marriott New York Times Square,364,421.1315789
APA Hotel Woodbridge,144.7741935,165.8387097
Ace Hotel Brooklyn,444.2,538.2
Ace Hotel New York,336.5,429.875
Action Lodge 3Bedroom and 2Bathroom,159,394.6666667
Adria Hotel And Conference Center,226,262.625
Airway Inn at LaGuardia,154.4901961,180.5294118
Aliz Hotel Times Square,329.6862745,416.1764706
Allegria Hotel,339.2222222,428.6111111
Aloft Harlem,339.8,393.3555556
Aloft Long Island City - Manhattan View,283.8076923,329.1538462
Aloft Manhattan Downtown - Financial District,266.3478261,287.4130435
Aloft New York Brooklyn,308.375,359.53125
Aloft New York Chelsea,305.375,353.875
Aloft New York LaGuardia Airport,312.2272727,361.8181818
Aloft Secaucus Meadowlands,229.826087,270.1304348
American Dream 10 mins! 1BDR,112.6,254.5
Americana Inn,165.4864865,208.0810811
Americana Motel,70,80
Americas Best Value Inn Avenel Woodbridge,99,113
Ameritania Hotel at Times Square,348.3333333,426.1568627
Andaz 5th Avenue - a concept by Hyatt,556.06,661.78
Archer Hotel New York,422.6,350.6444444
Ardsley Acres Hotel Westchester,149.8039216,171.3921569
Arlo Midtown,314.7843137,393.254902
Arlo NoMad,313.9411765,392.2156863
Arlo SoHo,314.6078431,393.1568627
Artezen Hotel,270.12,329.54
Arthouse Hotel New York City,368.125,470.6458333
Asiatic Hotel by LaGuardia Airport,164.76,192.34
"Avion Inn Near LGA Airport, Ascend Hotel Collection",161.173913,188.4347826
Baccarat Hotel and Residences New York,470.4375,204.4166667
Baymont by Wyndham White Plains - Elmsford,568.4255319,115.787234
Beautiful 1 Bedroom Apartment Entire Unit,125,207.6923077
"Beauty w/ Free Parking In the ‚ù§Ô∏èOf Downtown Newark, 2 Queen Beds, Near NYC & EWR",399,641
Best Location!! Steps to Newark Penn Station,159,300
Best Western Brooklyn-Coney Island Inn,161.3191489,189.0212766
Best Western Fort Lee,187.877551,217.2244898
Best Western Gregory Hotel,217.7352941,253.7352941
Best Western Jamaica Inn,183.2708333,214.1875
Best Western Mill River Manor,232,258.9411765
Best Western Paramus Hotel & Suites,181.0408163,207.4285714
Best Western Plus Brooklyn Bay Hotel,226.4,263.32
Best Western Plus Fairfield Executive Inn,211.1875,242.1875
Best Western Plus Hospitality House,392.6888889,454.5111111
Best Western Plus Newark Airport West,158.2291667,182.1875
Best Western Plus Soho Hotel,340.0816327,393.9183673
Best Western Premier Empire State Hotel,297.9583333,345.5208333
Best Western Premier NYC Gateway Hotel,244.9393939,289.9393939
Best Western Queens Court Hotel,143.6888889,168.6
Best Western Queens Gold Coast,214.21875,249.34375
Best Western The Inn At Ramsey,103.1875,118.5208333
Boutique Hotel in the Heart of Long Island's North Shore,170.6,214.8
Bowery Grand Hotel,93.85714286,111.3571429
Brand New Decorative Studio Apt. in Bloomfield,160,325.25
Broadway Plaza Hotel,282.1176471,338.6862745
"Brooklyn Vybe Hotel, Ascend Hotel Collection",176.4482759,213.4827586
CIVILIAN Hotel,315.4901961,365.5294118
CODA Williamsburg,374.875,491
COZY PRIVATE STUDIO w/  Free Off-Street Parking & Washer/Dryer,125,200
Cabana Hotel Yankee Stadium,197.4827586,230.2413793
Cachet Boutique New York,368.3870968,450.7741935
Cambria Hotel New York - Chelsea,297.2,344.5111111
Cambria Hotel West Orange,208.3888889,239.2222222
Cambria Hotel White Plains - Downtown,271.7142857,310.6428571
Canal Loft Hotel,153.1290323,220.6774194
"Candlewood Suites New York City-Times Square, an IHG Hotel",348.875,423.1666667
"Candlewood Suites Secaucus - Meadowlands, an IHG Hotel",226.4411765,266.3235294
Canopy by Hilton Jersey City Arts District,307.1052632,358.0526316
Carnegie Hotel,416.2916667,538.6041667
Casa Azul Hotel Blu JFK,152.6538462,190.7115385
Casa Blanca Hotel Brooklyn,231,268.6923077
Casa Cipriani New York,391.7142857,365.6122449
Casablanca Hotel by Library Hotel Collection,422.5227273,513.3181818
Castle Hotel & Spa,341.2068966,390.2758621
Charming Apartment in Quiet Neighborhood,98.31578947,158.3684211
Charming Brick Row House close to NYC,138.5714286,193.7142857
Charming and Comfy,153,291.6
Cheerful 3BR residential home with free parking,195,350
Chelsea Hotel Room King Bed,9.38,10.22
Chelsea Inn,198.25,299.9090909
Chelsea Mews Guest House All Male,222.0588235,258.2941176
Chelsea Pines Inn,268.76,311.88
Citadines Connect Fifth Avenue New York,328.6153846,403.7179487
City Club Hotel,506.7254902,610.0784314
Clinton Inn Hotel & Event Center,156.3448276,179.2068966
"Club Quarters Hotel, Grand Central",255.3333333,296.5
"Club Quarters Hotel, World Trade Center",253.1960784,294
"Club Quarters, Times Square - Midtown",273.0392157,316.8039216
Coliseum Inn & Suites - Garden City Long Island,116.0526316,129.7368421
Collective Governors Island,447.6153846,571.8461538
Comfort Inn & Suites,201.9666667,230.9333333
Comfort Inn & Suites LaGuardia Airport,186.8571429,217.7714286
Comfort Inn & Suites near Stadium,236.2083333,274.4583333
Comfort Inn Brooklyn,215.4411765,250.7941176
Comfort Inn Edgewater on Hudson River,231.8,265.6
Comfort Inn JFK Airport,219.8571429,255.7714286
Comfort Inn Manhattan - Midtown West,259.4444444,301.4
Comfort Inn Paramus,135.6086957,155.326087
Comfort Inn Prospect Park - Brooklyn,239.6,278.4571429
Comfort Suite - HUGE fenced yard. 40 min NYC,205,326
Comfort Suites Newark - Harrison,176.9555556,203.5777778
Comfort Suites at Woodbridge,145.7428571,167
"Comfy with Free Parking, 2 beds Near Airport, Park/Hospital!",159,306
"Comfy, Clean & Spacious w/2 TVs, parking, laundry ",198,401
Concorde Hotel New York,358.7446809,440.0638298
Condor Hotel,329.6896552,382.0689655
Conrad New York Downtown,507.173913,587.3043478
Conrad New York Midtown,603.0638298,674.7021277
Corona Hotel,280.8285714,325.6
Courtyard Jersey City Newport,289.3333333,337.5333333
Courtyard Long Island City/New York Manhattan View,280.3043478,325.2173913
Courtyard New York Manhattan/ Midtown East,419.86,485.12
Courtyard New York Manhattan/Times Square West,350.9555556,406.2666667
Courtyard Westbury Long Island,284.0714286,316.6785714
Courtyard by Marriott Edgewater NYC Area,278.7058824,319.4117647
Courtyard by Marriott Lyndhurst Meadowlands,215.8695652,253.6521739
Courtyard by Marriott Montvale,221.3181818,253.5
Courtyard by Marriott New York City Manhattan Fifth Avenue,425.4772727,491.9090909
Courtyard by Marriott New York Downtown Manhattan/Financial District,244.1086957,283.5652174
Courtyard by Marriott New York JFK Airport,318.7142857,369.3333333
Courtyard by Marriott New York Manhattan / Central Park,425.64,491.84
Courtyard by Marriott New York Manhattan / Chelsea,302.68,350.94
Courtyard by Marriott New York Manhattan/Midtown West,372.2,430.68
Courtyard by Marriott New York Manhattan/SoHo,420.02,485.46
Courtyard by Marriott New York Manhattan/Times Square,365.76,423.1
Courtyard by Marriott New York Manhattan/Upper East Side,380.5,440.16
Courtyard by Marriott New York Queens/Fresh Meadows,251.1212121,291.6363636
Courtyard by Marriott New York World Trade Center Area,360.9767442,417.7674419
Courtyard by Marriott Newark Downtown,226.08,260.44
Courtyard by Marriott Newark Elizabeth,192.76,225.6
Courtyard by Marriott Newark Liberty International Airport,159.68,183.9
Courtyard by Marriott Paramus,162.15,185.875
Courtyard by Marriott Rye,290.3157895,331.8947368
Courtyard by Marriott Secaucus Meadowlands,218.1666667,256.4583333
Courtyard by Marriott Tarrytown Westchester County,286.8636364,328.1363636
Courtyard by Marriott Wayne Fairfield,189.4545455,217.3333333
Courtyard by Marriott West Orange,220.1714286,252.0571429
Courtyard by Marriott Yonkers Westchester County,200.5102041,230.3061224
Cozy 1st Floor / Basement Apartment 15 min from NYC!,85,171
Cozy 2 BR 3 beds with NYC views,353,552
"Cozy 3 BR for U Near Manhattan View, 15 Min to NYC",260,410
Cozy 3 bedroom basement apartment,135,233.2
Cozy Apartment Fantastic Location,164.3333333,305.6666667
Cozy Exotic Studio Retreat,120,188.9047619
Cozy Nights 2Bedroom,142.1052632,241.8421053
Cozy Single Family Home,160,326.25
Cozy Three bedroom 2 Bathroom Oasis condo,130,337
Cozy and Quiet,89,121
Cozy three Bedroom Apartment near New York/ EWR,421,675
Cozzy Get Away Priv. Apt/ St BarnabaS Hosp/NYC/EWR,104,136
Crown Inn Motel,110.547619,126.7857143
"Crowne Plaza Englewood, an IHG Hotel",179.6363636,205.4772727
"Crowne Plaza HY36 Midtown Manhattan, an IHG Hotel",395.8571429,488.7346939
"Crowne Plaza JFK Airport New York City, an IHG Hotel",273.59375,319.375
"Crowne Plaza Newark Airport, an IHG Hotel",174.0816327,199.7959184
"Crowne Plaza Saddle Brook, an IHG Hotel",206.2307692,236.5641026
"Crowne Plaza Times Square Manhattan, an IHG Hotel",268.125,362.6666667
Da Vinci Hotel,312.4,361.9666667
Days Hotel by Wyndham North Bergen /NYC Area,145.0980392,170.6666667
Days Inn by Wyndham Brooklyn Marine Park,185.35,219.85
Days Inn by Wyndham Elmsford / White Plains,138.5853659,161.6829268
Days Inn by Wyndham Iselin / Woodbridge,93.22916667,106.9375
Days Inn by Wyndham Jersey City / NYC Area,137.3902439,160.4390244
Days Inn by Wyndham Nanuet / Spring Valley,107.7142857,119.9795918
Days Inn by Wyndham Ridgefield NJ,148.1176471,173.8431373
Days Inn by Wyndham Wayne,81.19607843,93.03921569
Delamar Greenwich Harbor,413,489.6
Delta Hotels by Marriott Woodbridge,191.025,219.275
Deluxe Double Queen,649,865.3137255
Deluxe Double Queen with Balcony,649,872.2708333
"Deluxe King, Beautiful Oversized Room",499,682.3653846
"Distrikt Hotel New York City, Tapestry Collection by Hilton",297.9772727,368.3636364
Double Bedroom apartment with private entrance,171,216
DoubleTree by Hilton Fairfield Hotel & Suites,172.9444444,198.1388889
DoubleTree by Hilton Fort Lee - George Washington Bridge,169.4473684,194.0789474
DoubleTree by Hilton Hotel & Suites Jersey City,258.7142857,301.6190476
DoubleTree by Hilton Hotel Nanuet,273.9130435,305.1304348
DoubleTree by Hilton Hotel New York City - Chelsea,293.0784314,339.7647059
DoubleTree by Hilton Hotel Newark Airport,220.2,253.6
DoubleTree by Hilton New York Downtown,295.8627451,342.9215686
DoubleTree by Hilton New York Midtown Fifth Ave,302.84,350.92
DoubleTree by Hilton New York Times Square West,303.3333333,351.7291667
DoubleTree by Hilton Newark Penn Station,207.5882353,238.9411765
Doubletree by Hilton New York Times Square South,269.1304348,312.4130435
Downtown Beauty min‚Äôs to Airport & Train‚òÖFREE Parking‚òÖPool Tableüé±NYC in 30 min,239.5,426.5
Doxie Hotel,313.0344828,362.9310345
Dream Downtown,354.7647059,460.4705882
Dream Midtown,336.78,422.46
DreamBox Vrbo! Where Dreams Become A Reality!,95,256.4285714
Dylan Hotel NYC,408.1875,400.8958333
"EVEN Hotel Brooklyn, an IHG Hotel",265.4375,324.84375
EVEN Hotel New York - Times Square South,419.122449,511.5918367
"EVEN Midtown East Grand Central, an IHG Hotel",298.3181818,372.8636364
East Village Hotel,334.24,387.08
Edge Hotel,244.3783784,283.9189189
Element Harrison - Newark,239.8928571,274.9285714
Element New York Times Square West,320.3877551,371.2653061
Element New York Wood Ridge,265.5217391,304.3913043
Element Spring Valley,204.25,227.425
Elmhurst Hotel,300.8,348.4
Embassy Suites Newark Airport,220.56,252.64
Embassy Suites by Hilton New York Manhattan Times Square,312.0434783,391.6956522
Empire Hotel,317.82,391.22
Enjoy Comfort and Convenience on your Vacation!,333.5,437
Entire Luxury 2 Bedroom Near NY/EWR With Workspace,170,263.25
Entire Rental - 2 bedroom ‚ù§Ô∏è Manhattan Skyline view ‚ù§Ô∏è 10 minutes to Times Sq ,235,420
"Envue, Autograph Collection",280.1515152,321.1212121
Equinox Hotel New York,552.1568627,306.6078431
Essence Express Wayne,289.3076923,331.5384615
Eurostars Wall Street,267.8863636,310.7045455
Excellent Location! Steps to Newark Penn Station!,148,268
Executive Class at MTS Hotel,352.7941176,443.4411765
Executive Hotel Le Soleil New York,374.625,448.3958333
Extended Stay America Suites Elizabeth Newark Airport,141.9795918,166.244898
Extended Stay America Suites Meadowlands East Rutherford,149.3658537,176.0731707
Extended Stay America Suites Meadowlands Rutherford,145.7916667,171.2916667
Extended Stay America Suites New York City LaGuardia Airport,231.9428571,269.6
Extended Stay America Suites Newark Woodbridge,112.9787234,129.6170213
Extended Stay America Suites Ramsey Upper Saddle River,113.4285714,130.1632653
Extended Stay America Suites Secaucus Meadowlands,169.125,199.2291667
Extended Stay America Suites Secaucus New York City Area,199.8235294,235.1470588
Extended Stay America Suites White Plains Elmsford,176.6530612,202.122449
Fairfield Inn & Suites New York Manhattan / Central Park,414.2,478.7
Fairfield Inn & Suites New York Manhattan/Downtown East,292.3030303,339.030303
Fairfield Inn & Suites New York Manhattan/Times Square South,305.025641,353.6666667
Fairfield Inn & Suites New York Midtown Manhattan/Penn Station,391.0238095,451.8571429
Fairfield Inn & Suites New York Queens/Fresh Meadows,209.90625,244.40625
Fairfield Inn & Suites Newark Liberty International Airport,157.24,181
Fairfield Inn & Suites by Marriott New York Brooklyn,343.6190476,397.7619048
Fairfield Inn & Suites by Marriott New York ManhattanChelsea,307.9,336.48
Fairfield Inn & Suites by Marriott New York Staten Island,174.2647059,203.5588235
Fairfield Inn & Suites by Marriott North Bergen,208.3235294,245.0882353
Fairfield Inn & Suites by Marriott Paramus,172.3095238,197.6904762
Fairfield Inn & Suites by Marriott Woodbridge,171.2631579,196.6315789
Fairfield Inn New York Manhattan/Financial District,316.94,367.26
Fairfield Inn by Marriott East Rutherford Meadowlands,182.875,215.1875
Fairfield Inn by Marriott JFK Airport,239.0322581,277.9032258
Fairfield Inn by Marriott LaGuardia Airport/Flushing,224.2173913,260.8695652
Fairfield Inn by Marriott New York LaGuardia Airport/Astoria,274,318
Fairfield Inn by Marriott New York Manhattan/Fifth Avenue,431.9444444,330.6111111
Fairfield Inn by Marriott New York Manhattan/Times Square,395.14,436.28
Family Friendly Three Bedroom Apartment outside of NYC,225,356.6666667
Fathoms Hotel & Marina,421,469.8
Feather Factory,206.5,240.4444444
Fitzpatrick Grand Central,301.1162791,371.9767442
Fitzpatrick Manhattan Hotel,336.2272727,412.3863636
Five Towns Inn - JFK Airport,231.8,258.6
Flushing Central Hotel,178.5853659,208.3902439
Flushing Hotel,130.3571429,153.2142857
Four Points By Sheraton Manhattan Midtown West,383.42,443.58
Four Points By Sheraton New York Downtown,336.7959184,390.1836735
Four Points by Sheraton Flushing,291.2727273,306.5454545
Four Points by Sheraton Manhattan - Chelsea,407.9591837,471.6122449
Four Points by Sheraton Manhattan SoHo Village,296.4081633,343.8571429
Four Points by Sheraton Midtown-Times Square,329.9795918,382.1836735
Four Seasons Hotel New York Downtown,601.28,386.84
Franklin Guesthouse,405.2608696,468.6956522
Freehand New York,253.25,328.4583333
Gansevoort Meatpacking,558.4117647,679.2647059
"Gild Hall, A Thompson Hotel",310.5208333,412.5208333
Global Luxury Suites at The Arches,335.85,479.65
Graduate New York,340.46875,458.375
Grandview Hotel New York,139.2,163.5
Grayson Hotel in the Unbound Collection by Hyatt,261.3269231,334.8269231
HGU New York,281.6470588,326.6666667
HI New York City,300.8108108,300.8108108
HYATT house White Plains,293.09375,334.8125
Haiban Inn,117.6923077,137.4615385
Hampton Inn & Suites Fairfield,221.3684211,253.6842105
Hampton Inn & Suites Newark Airport Elizabeth,150.8913043,177.4347826
Hampton Inn & Suites Newark-Harrison-Riverwalk,214.5128205,245.8205128
Hampton Inn & Suites Rockville Centre,348,388.25
Hampton Inn & Suites Staten Island,168.9473684,196.9736842
Hampton Inn & Suites Teaneck Glenpointe,169.9,194.74
Hampton Inn & Suites Yonkers,200.8571429,230.6428571
Hampton Inn & Suites Yonkers - Westchester,227.25,261.05
Hampton Inn Brooklyn/Downtown,332.3666667,384.9
Hampton Inn Carlstadt-At The Meadowlands,212.25,249.53125
Hampton Inn Garden City Long Island,267.7727273,299.0454545
Hampton Inn Linden,145.65,166.85
Hampton Inn Madison Square Garden Area Hotel,372.6041667,431.125
Hampton Inn Manhattan Grand Central,289.3673469,335.4693878
Hampton Inn Manhattan-35th St/Empire State Bldg,306.8461538,355.8974359
Hampton Inn Manhattan-Chelsea,322.5,373.52
Hampton Inn Manhattan-Seaport-Financial District,235.7380952,274.047619
Hampton Inn Manhattan/Downtown-Financial District,260.4722222,302.5
Hampton Inn Manhattan/Times Square Central,401.94,464.66
Hampton Inn Manhattan/Times Square South,345.88,400.42
Hampton Inn NY-JFK,266,308.9375
Hampton Inn Nanuet,180.6341463,201.2682927
Hampton Inn New York - LaGuardia Airport,304.7272727,353.2727273
Hampton Inn New York Times Square,263.08,305.36
Hampton Inn Newark Airport,176.4772727,203.2727273
Hampton Inn Paramus,195.7333333,224.5333333
Hampton Inn Ridgefield Park,144.1388889,165.2777778
Hampton Inn White Plains/Tarrytown,205.25,241.5555556
Hampton Inn Woodbridge,161.8333333,185.6111111
Hard Rock Hotel New York,492.8823529,593.8235294
Harmony Suites,227.7647059,267.8235294
Henn na Hotel New York,342.125,419.1458333
Henry Norman Hotel,404.8333333,468.3333333
Heritage Hotel,262.2115385,304.3461538
Hidden Oasis w/B&B option....,136.2608696,171.2173913
Highbridge Hotel,166.5,194.55
Hilton Brooklyn New York,472.2352941,570.5294118
Hilton Club The Central at 5th New York,411.3846154,475.7435897
Hilton Club The Quin New York,402.3783784,465.2702703
Hilton Club West 57th Street New York,400.6,462.68
Hilton Garden Inn Long Island City New York,318.6,369
Hilton Garden Inn NYC Financial Center/Manhattan Downtown,250.0789474,290.5789474
Hilton Garden Inn Nanuet,210.9,234.95
Hilton Garden Inn New York / Staten Island,181.5,211.8157895
Hilton Garden Inn New York Times Square North,327.6486486,379.6486486
Hilton Garden Inn New York Times Square South,322.7714286,373.8571429
Hilton Garden Inn New York/Central Park South-Midtown West,386.5,450.44
Hilton Garden Inn New York/Manhattan-Chelsea,326.9318182,378.6590909
Hilton Garden Inn New York/Manhattan-Midtown East,318.1111111,368.5111111
Hilton Garden Inn New York/Midtown Park Ave,309.6976744,358.8837209
Hilton Garden Inn New York/Times Square Central,301.1,374.25
Hilton Garden Inn New York/Tribeca,314.8444444,364.9111111
Hilton Garden Inn New York/West 35th Street,304.244898,352.5714286
Hilton Garden Inn Queens/JFK Airport,283.28,329.12
Hilton Garden Inn Ridgefield Park,205.1702128,234.9574468
Hilton Garden Inn Roslyn,334.7727273,373.9090909
Hilton Garden Inn Secaucus/Meadowlands,195.3421053,229.7368421
Hilton Garden Inn Springfield,177.8695652,207.2608696
Hilton Garden Inn Wayne,186.5897436,214.025641
Hilton Garden Inn Westbury,272.5,303.9583333
"Hilton Garden Inn Westchester Dobbs Ferry, NY",209.84,240.2
Hilton Hasbrouck Heights/Meadowlands,188.4117647,215.9411765
Hilton Meadowlands,217.46875,255.8125
Hilton New York Fashion District,314.3061224,364.3469388
Hilton New York JFK Airport,412.5,477.0416667
Hilton New York Times Square,356.625,452.9375
Hilton Newark Airport,225.7857143,258.8571429
Hilton Pearl River,268.9,299.5
Hilton Short Hills,196.8235294,225.6470588
Hilton Woodcliff Lake,181.5833333,208.1111111
"Holiday Inn Brooklyn Downtown, an IHG Hotel",263.4347826,307.5652174
"Holiday Inn Clark - Newark Area, an IHG Hotel",180.9230769,207.3076923
"Holiday Inn Express & Suites Jersey City - Holland Tunnel, an IHG Hotel",245.1176471,286
"Holiday Inn Express & Suites Jersey City North - Hoboken, an IHG Hotel",240.4411765,280.4411765
"Holiday Inn Express & Suites Woodside Queens NYC, an IHG Hotel",228.8333333,267.875
"Holiday Inn Express - New York City Chelsea, an IHG Hotel",310.8571429,379.4081633
"Holiday Inn Express Brooklyn - Bushwick, an IHG Hotel",220.3870968,275.5483871
"Holiday Inn Express Hotel & Suites Meadowlands Area, an IHG Hotel",169.0833333,198.7708333
"Holiday Inn Express Jamaica - JFK AirTrain - NYC, an IHG Hotel",222.4,260.64
"Holiday Inn Express Kennedy Airport, an IHG Hotel",218,255
"Holiday Inn Express Laguardia Airport, an IHG Hotel",189,222
"Holiday Inn Express Manhattan Times Square South, an IHG Hotel",330.1666667,382.3809524
"Holiday Inn Express Maspeth, an IHG Hotel",243.76,285.2
"Holiday Inn Express NYC Brooklyn - Sunset Park, an IHG Hotel",254.1304348,297.3913043
"Holiday Inn Express New Rochelle, an IHG Hotel",291.8571429,334.2142857
"Holiday Inn Express New York - Manhattan West Side, an IHG Hotel",298.6808511,348.2553191
"Holiday Inn Express New York City Times Square, an IHG Hotel",303.2857143,368.7959184
"Holiday Inn Express New York City- Wall Street, an IHG Hotel",327.0204082,397.8979592
"Holiday Inn Express Newark Airport Elizabeth, an IHG Hotel",163.2653061,187.244898
"Holiday Inn Express Ramsey-Mahwah, an IHG Hotel",155.4375,177.9791667
"Holiday Inn Express Roslyn - Manhasset Area, an IHG Hotel",295.6086957,287
"Holiday Inn Express Woodbridge, an IHG Hotel",170.9230769,195.8461538
"Holiday Inn Hasbrouck Heights-Meadowlands, an IHG Hotel",167.3541667,191.8541667
"Holiday Inn Manhattan 6th Ave - Chelsea, an IHG Hotel",314.4489796,366.2857143
"Holiday Inn NYC - Lower East Side, an IHG Hotel",297.6734694,346.7142857
"Holiday Inn New York City - Times Square, an IHG Hotel",311.6904762,363.3095238
"Holiday Inn New York City - Wall Street, an IHG Hotel",333.0816327,404.7346939
"Holiday Inn Newark International Airport, an IHG Hotel",172.1538462,198.2051282
"Holiday Inn Westbury - Long Island, an IHG Hotel",227.7777778,254.2222222
Holly Hill Motel,159,177.6315789
Home away from Home,175,219.4
Home2 Suites By Hilton New York Times Square,263,305.5
Home2 Suites by Hilton Hasbrouck Heights,229.6521739,263.3043478
Home2 Suites by Hilton NY Long Island City/Manhattan View,305.1052632,355.6315789
Home2 Suites by Hilton Newark Airport,178.4186047,205.4883721
"Home2 Suites by Hilton Rahway, NJ",185.76,212.84
"Home2 Suites by Hilton Wayne, NJ",170.6341463,195.6097561
Homewood Suites New York/Midtown Manhattan Times Square,391.5625,452.90625
"Homewood Suites by Hilton Carle Place - Garden City, NY",362.8571429,404.8571429
Homewood Suites by Hilton East Rutherford - Meadowlands,225.0869565,264.8695652
Homewood Suites by Hilton Edgewater,231.88,265.8
Homewood Suites by Hilton Edison Woodbridge,199.375,228.59375
Homewood Suites by Hilton Newark-Cranford,226.8333333,260
Homewood Suites by Hilton Teaneck Glenpointe,207.1666667,237.2916667
Horizon Inn,119.9038462,137.5384615
Hotel 32 32,308.516129,386.0645161
Hotel 365 Bronx,192.5897436,224.9230769
Hotel 369 Brooklyn,265.6666667,308.547619
Hotel 48LEX New York,313.0681818,414.75
"Hotel 50 Bowery, part of JdV by Hyatt",390.9791667,487.1666667
Hotel 57,273.1538462,363.1923077
Hotel AKA NoMad,509.8837209,628.6046512
Hotel Barriere Fouquets New York,385.12,136.16
Hotel Beacon,390.9215686,454.254902
Hotel Belleclaire,332.8979592,409.5918367
Hotel Boutique at Grand Central,256.9387755,298.3673469
Hotel Edison Times Square,337.02,430.42
Hotel Elysee by Library Hotel Collection,413.6530612,503.0816327
Hotel Executive Suites,116.5490196,133.4901961
Hotel Giraffe by Library Hotel Collection,433.2083333,525.5
Hotel Hayden,360.5625,453.8958333
Hotel Hendricks,349.3333333,438.6923077
Hotel Hugo,443.3469388,552.4081633
"Hotel Indigo - NYC Downtown - Wall Street, an IHG Hotel",211.7741935,277.2580645
"Hotel Indigo Flushing, an IHG Hotel",310.0909091,361.5
"Hotel Indigo Lower East Side New York, an IHG Hotel",340.0416667,431.7291667
"Hotel Indigo NYC Financial District, an IHG Hotel",313.1836735,364.877551
"Hotel Indigo Williamsburg - Brooklyn, an IHG Hotel",352.4642857,444.25
Hotel Key LaGuardia Airport,207.5517241,241.4827586
Hotel Le Bleu,404.65,467.65
Hotel Mimosa,230.8333333,268.1666667
Hotel Mint JFK Airport,129.2380952,152.1190476
Hotel Mulberry,241.5581395,280.6511628
"Hotel Nyack, a JdV by Hyatt Hotel",239.4210526,324
Hotel On Rivington,368.25,441.1153846
Hotel Opus Bronx,177.3846154,207.2307692
Hotel Pergola JFK Airport,182.3333333,212.7083333
Hotel Richland LES,335.44,387.14
Hotel Riu Plaza New York Times Square,344.5813953,431.9302326
Hotel Scherman,339.3488372,417.0232558
Hotel Shocard at Times Square,999,1
Hotel St. James,265.5135135,308.2162162
Hotel and the City-Midtown,365.7878788,423.3939394
Howard Johnson Hotel by Wyndham Newark Airport,138.2,159.1
Howard Johnson by Wyndham Clifton NJ,140,160.5098039
Howard Johnson by Wyndham North Bergen,152.04,178.8
Hudson Plaza Motel Bayonne / Jersey City,133.16,148.84
Hudson River Hotel,287,332.9032258
Hyatt Centric Midtown 5th Avenue New York,533.0816327,615.3265306
Hyatt Centric Times Square New York,352.5384615,448.1794872
Hyatt Centric Wall Street New York,309.7777778,387.9555556
Hyatt Grand Central New York,297.9038462,391.3269231
Hyatt Herald Square New York,310.9019608,382.9607843
Hyatt House Jersey City,311.0769231,362.5384615
Hyatt House New York/Chelsea,330.675,386.975
Hyatt Place Fair Lawn Paramus,160.2115385,183.6346154
Hyatt Place Flushing/LaGuardia Airport,353.6153846,409.2307692
Hyatt Place Fort Lee / George Washington Bridge,214.483871,245.7741935
Hyatt Place Garden City,314.8823529,354.2941176
Hyatt Place Long Island City/New York City,285.0625,330.71875
Hyatt Place New York City/Times Square,313.3589744,363.1282051
Hyatt Place New York Midtown South,368.787234,426.4893617
Hyatt Place New York/Chelsea,329.2702703,381.4594595
Hyatt Place New York/Yonkers,248.0357143,285.0714286
Hyatt Place Secaucus/Meadowlands,213.0666667,250.7666667
Hyatt Regency JFK Airport at Resorts World New York,356.037037,440.6666667
Hyatt Regency Jersey City on the Hudson,322.0909091,375.5909091
Hyatt Union Square New York,395.5405405,491.8378378
INNSiDE by Meli√° New York Nomad,336.6382979,429.8510638
Iberostar 70 Park Avenue,315.7083333,390.75
Ink 48 Hotel,305.6315789,399.9473684
Inn at Great Neck,299.173913,334
Inn at Jericho,121.6129032,135.8709677
"Insignia Hotel, Ascend Hotel Collection",227.0571429,264
Insta Ready 2 Bd/2Ba w/ Free Parking,225,504
"InterContinental New York Barclay, an IHG Hotel",355.6666667,458.9375
"InterContinental New York Times Square, an IHG Hotel",385.9387755,488.6122449
JG Sohotel,219.3333333,280.3333333
JW Marriott Essex House New York,576.86,635.04
Jazz On The Park Hostel,268.7179487,312.025641
Jeliscar's listing,220,579
Jersey City Home Away from Home,199,356
John Hotel,190.7666667,235.3
Kamway Lodge & Travel,104,126.952381
Kasa Lantern Lower East Side,358,477
Keansburg! Your Beach Home! Pet Friendly.,212.75,369.25
"Kimpton Hotel Eventi, an IHG Hotel",396.9361702,493.8723404
King Hotel Brooklyn Sunset Park,178.0487805,212.0731707
King Room in Brooklyn,288.8888889,330.7777778
Kixby,368.4791667,449.2291667
Knights Inn Brooklyn Sunset Park,157.4705882,188.0196078
Knights Inn South Hackensack,356,418.6666667
L 3 Downtown Newark Guesthouse,123.3,163.125
LIC Hotel,258.5806452,300.2258065
LUMA Hotel Times Square,414.6097561,478.6829268
LUXE | Private & Modern | Close to City,144,359
LUXURY COCO CHANEL THEMED APARTMENT,200,376.6666667
La Quinta Inn & Suites by Wyndham Clifton/Rutherford,186.3777778,213.6
La Quinta Inn & Suites by Wyndham Fairfield NJ,104.4509804,119.9019608
La Quinta Inn & Suites by Wyndham Garden City,246.4545455,275.8484848
La Quinta Inn & Suites by Wyndham New York City Central Park,367.64,458.32
La Quinta Inn & Suites by Wyndham Secaucus Meadowlands,176.7659574,208.4042553
La Quinta Inn & Suites by Wyndham Times Square South,322.8039216,336.7843137
LaGuardia Plaza Hotel,261.4230769,303.5
Latisha house,150,176
Latisha luxury place ,150,277.2777778
"Le Meridien New York, Central Park by Marriott",424.5918367,444.3877551
"Le Meridien New York, Fifth Avenue",363.32,420.42
Learn at Ellis Island Museum! Sophisticated Suite! Parking Available!,325,426
Leon Hotel LES,295.5454545,367.5
Liberty View Brooklyn hotel,273.5625,285.6875
Library Hotel by Library Hotel Collection,367.0833333,449.75
Lic Plaza Hotel,220.4827586,256.4482759
Little Cottage w/priv entrance & bath.Close to NYC,99.0952381,206.7142857
Loews Regency New York Hotel,657.72,674.4
Long Island Marriott,277.1904762,309.2857143
Long Stay Sale|98 Walk Score|NYC/EWR,338,563
Lotte New York Palace,596.44,623.64
Lovely 1 bedroom rental unit.,115,180.8095238
Lovely 1Bedroom - Minutes to EWR and NYC,110,201.6842105
Lovely 2 bedrooms near NYC/EWR Newark,170,263.4285714
Lovely Attic 1 Bedroom LOFT entire unit near nyc,120,201.5714286
Luxe Autos Exotic Rentals,99,131
Luxe Studio Suite with Charming Juliet Balcony,448.7608696,634.7173913
Luxurious townhouse. Safe and quiet neighborhood centrally located near all rest,187.5,342.3333333
Luxuriously Comfortable Suite,175,199.826087
Luxuriously Confidential Suite with Private Entrance,165,188.5
"Luxury 1 Bdrm (King)- mins to NYC, Airport, & Prudential Center/ Downtown Newark",179,348.2
"Luxury 2 Bedroom Suite-Mins to EWR,Prudential, NYC",220,422
Luxury Designer Theme 2BR Apt near NYC / thePATH,198,451
Luxury Family Suite with Patio,999,1
Luxury Junior Suite x Balcony and NYC view in the heart of Downtown Manhattan,749,117.5882353
Luxury One Bedroom Condo 3 Miles From Manhattan,200,378
Luxury Private Apartment‚ÄîWalk to Train for NYC!,250,393
"Luxury Private Room in Westfield, 1 hour to NYC",79,164
Luxury Studio Suite- 5mins to EWR-close to NYC,149,310.875
Luxury| 3Bed |Private Apartment,448.3333333,760.2222222
M Social Hotel Times Square New York,380.9787234,475.7446809
Macy Empire Apartments,347,522
Made Hotel,442.2040816,545.4081633
Madison LES Hotel,346.92,424.76
Mam Homes ,247.9166667,389.5833333
Mamaroneck Motel,105.1153846,120.1923077
Mamas Love Apartment,145,233.4285714
"Mandarin Oriental, New York",351.62,1
Marco LaGuardia Hotel,246.8181818,286.6969697
Margaritaville Resort Times Square,316.4901961,424.0196078
Marriott Park Ridge,262.8181818,301.1363636
Marriott Saddle Brook,176.66,202.34
"Marriott Vacation Club Pulse, New York City",380,439.68
"Martinique New York on Broadway, Curio Collection by Hilton",313.1568627,408.745098
Meadowlands Plaza Hotel,165.8627451,194.9803922
Merrion Row Hotel and Public House,424.6590909,519.3409091
Midtown Convention Center Hotel,230.3023256,282.7906977
Midtown West Hotel,208.6888889,258.1555556
Millennium Downtown New York,264.9803922,342.745098
Millennium Hilton New York One UN Plaza,281.4680851,356.3829787
Millennium Hotel Broadway Times Square,298.2954545,409.9318182
Millennium Premier New York Times Square,326.1818182,452.8181818
Mint House at 70 Pine,497.0454545,499.7727273
Mitchell Executive Hotel,140.14,160.62
Modern & cozy 1-bed attic apt close to NYC,129.25,346
Modern & cozy studio close to NYC | No car needed!,135,353
"Modern 1 Bdrm- Mins to NYC, Prudential, & Airport",169,336.2
Modern Accommodation in White Plains! Enjoy Indoor Pool & Free Airport Shuttle!,395,509
Modern Couple‚Äôs Retreat,100,143
Modern Cozy Apartment - Near American Dream Theme Park & NYC,149.8888889,363.8888889
Modern Luxury Home near NYC FreeParking,359,508
Modern and Stylish Downtown Newark,189,360.5
ModernHaus SoHo,658.4313725,393.8431373
Moderne Hotel,289.4,358.6
Mondrian Park Avenue,393.7058824,328.627451
"Motel 6 Elizabeth, NJ - Newark Liberty Intl Airport",110.7142857,132.0285714
"Motel 6 Elmsford, NY - White Plains",121.6666667,139.0666667
Motel House,134.3461538,169.5384615
Motto by Hilton New York City Chelsea,298.4375,379.9583333
Moxy Brooklyn Willamsburg,384.8333333,470.0555556
Moxy NYC Chelsea,338.2222222,421.4444444
Moxy NYC Downtown,281.2765957,354.8297872
Moxy NYC East Village,336.5,419.4772727
Moxy NYC Lower East Side,315,394.8409091
Moxy NYC Times Square,279.125,357.8541667
Musicians HiTech Launch Pad- CAPITOL Theater & NYC,204,325
NH Collection New York Madison Avenue,358.2307692,449.5384615
NU Hotel Brooklyn,324.9655172,393.6206897
NY Moore Hostel,120.4,145.9
NYC Adventure! Spacious Unit w/ Bathtub! Close to Empire State Building,732.25,681
NYC Empire Apartments,426,612.3333333
NYC Escape! Near to Iconic NYC Attractions! Swimming Pool & Rooftop Bar + Lounge,808.75,1
NYC Getaway! Great Proximity to Attractions! Minutes to LaGuardia Airport!,487.5714286,628.5714286
NYC NJ Romantic And Cozy Hideaway,169,285
Need a place to relax and enjoy your vacation stay at The Cozy Den,175,302
Nesva Hotel,287.625,333.4583333
New York Hilton Midtown,318.1111111,402.8222222
New York LaGuardia Airport Marriott,356.5,412.625
New York Marriott Downtown,434.02,528.5
New York Marriott Marquis,472.86,555.8
New York Marriott at the Brooklyn Bridge,402.2222222,490.0555556
Newark Hansbury Multi Level House,182.7272727,210.6363636
Newark Liberty International Airport Marriott,268.48,309.16
Newly Constructed Basement Two Bedroom Apartment,95,171
Nice Apartment 10 minutes from  New york,395,704
Night Hotel Broadway,254.7307692,310.9230769
Nine Orchard,623.4545455,719.0227273
NoMo SoHo,364.5098039,471.1176471
NobleDEN Hotel,448.1935484,518.1612903
Nr Marriott*Airprt*FastWiFi*Train2NY,223,377.3333333
Nyack Get Away,99,160
Nyack Hide Away,99,154
Nyack Jewel,130,200
OYO Times Square,279.8958333,368.125
Off Soho Suites Hotel,173.2727273,204.2727273
Omni Berkshire Place,411.3333333,509.8235294
Opera House Hotel,245.3030303,302.0909091
Orchard Street Hotel,227.12,278.84
"PUBLIC, an Ian Schrager hotel",385.7083333,486.3333333
Paramount Times Square,251.3529412,332.0196078
Paris Suites Hotel,155.5882353,181.8235294
Park Central Hotel New York,282.5757576,371.6363636
Park Hyatt New York,493.4545455,372.0681818
Park Lane New York,501.6078431,571.5686275
"Park South Hotel, part of JdV by Hyatt",365.9090909,457.7954545
Park Terrace Hotel,345.2941176,399.7058824
Peachtree Suites,220.0909091,256.6363636
Pendry Manhattan West,622.0196078,695.4313725
Penny Williamsburg,319.08,391.4
Perfect near NYC,140,195.6153846
Pestana CR7 Times Square,323.4925373,370.6716418
Pestana Park Avenue,297.5897436,367.8461538
Pet Friendly Apartment minutes from NYC!,116.5,253.5
Phoenix Hotel,248.2,288.2
Piermont Cozy Haven,115,172
Piermont Gem,165,240
Piermont Jewel,110,166
Placemakr Wall Street,319.0588235,471.6862745
Pod 39,304.7254902,376.0588235
Pod 51,289.9803922,359.2352941
Pod Brooklyn,322.5483871,396.6129032
Pod Times Square,294.2941176,364.0588235
Premier 1 Bed Room Loft  Apt.  10 Minutes From Times Square,135,269.5
"Private 2 Bedroom Apartment cozy home with TVs, Coffee maker, full kitchen ",178,256
Private Room Jacuzzi massage seat Parking 15mins 2 NY,239.3333333,372.3333333
Private room with its own private bathroom,119.6153846,198.1538462
Private suite. Convenient to Capital Theater and HPN airport.  Free parking.,162.5,262.25
Quality Inn JFK Airport Rockaway Blvd,177.6956522,210.8478261
Quality Inn Spring Valley - Nanuet,111.8888889,124.5555556
Quality Inn Wayne - Fairfield Area,101.9166667,116.7222222
Quality Inn near Sunset Park,157.9166667,184.6666667
Quality Suites NYC Gateway,156.6304348,184.1304348
Queens Hotel,129,153
Quiet comfortable homelike apt 10 minutes from the airport.,160,295
Quintessential King with Balcony,999,1
RIU Plaza Manhattan Times Square,301.3673469,383.2244898
Radio Hotel,242.9375,282.2291667
Radisson Hotel JFK Airport,279.5428571,324.0285714
Radisson Hotel New Rochelle,268.8148148,321.4444444
Ramada by Wyndham Bronx,201.0980392,234.2352941
Ramada by Wyndham East Orange,114.9215686,128.2352941
Ramada by Wyndham Flushing Queens,238.4117647,277.1176471
Ramada by Wyndham Jersey City,160.5102041,186.755102
Ramada by Wyndham New York Times Square West,299,346.6
Ramada by Wyndham Rochelle Park Near Paramus,120.1764706,137.8627451
Ramada by Wyndham Rockville Centre,170,189.72
Ramada by Wyndham Staten Island,127.8947368,150.7368421
Ramada by Wyndham Yonkers / Westchester,124.6,143.2
Ravel Hotel Trademark Collection by Wyndham,234.0689655,272.137931
Recreate Sensational Memories! Stay Near Newport Centre! Parking Available!,333.5,437
Red Carpet Inn Elmwood Park,172.0961538,197.5
"Red Carpet Inn Newark Irvington, NJ",109.1818182,126.0454545
Red Lion Inn & Suites Long Island City,211.3636364,246.2424242
Red Roof Inn Fairfield,136.8627451,156.9803922
Red Roof Inn PLUS+ Newark Liberty Airport - Carteret,107.9019608,124.2745098
Red Roof Inn PLUS+ Secaucus - Meadowlands - NYC,143.82,169.26
Red Roof PLUS+ Long Island - Garden City,271.5,303.125
Redford Hotel,275.52,334.66
Refinery Hotel,400.6153846,509
"Refreshed, Relaxing & Always Iconic! Pet-Friendly Unit with Pool!",333.5,437
Relax and rejuvenate in this Hideaway Apartment close to public transportation .,198.1428571,402.8571429
Relax in this cozy newly  built 3-bedroom unit with 2bathrooms.,213,293.1428571
"Remodeled 2 bedroom apartment - close to NYC, MetLife, American Dream",154,275.25
Renaissance Meadowlands Hotel,231.826087,272.6956522
Renaissance New York Chelsea Hotel,303.9545455,387.5
Renaissance New York Flushing Hotel at Tangram,328.4642857,380.6428571
Renaissance New York Harlem Hotel,265.6111111,336.8888889
Renaissance New York Midtown Hotel,453.6,524.04
Renaissance New York Times Square Hotel,405,482.0612245
Renaissance Newark Airport Hotel,217.4,249
Renovated 1 bedroom apartment 30 min train ride from manhattan,135,268.5
Residence Inn By Marriott New Rochelle,310.6363636,355.4545455
Residence Inn By Marriott West Orange,236.8695652,271.3478261
Residence Inn Long Island Garden City,359,401
Residence Inn Marriott New York Downtown Manhattan/WTC Area,422.8297872,490.6170213
Residence Inn New York Manhattan/Central Park,409.52,473.32
Residence Inn New York The Bronx At Metro Center Atrium,381.1428571,441.1428571
Residence Inn Orangeburg,244,271.1764706
Residence Inn Secaucus Meadowlands,237.4117647,279
Residence Inn Woodbridge Edison/Raritan Center,217.3636364,249
Residence Inn by Marriott East Rutherford Meadowlands,192.969697,226.8787879
Residence Inn by Marriott Jersey City,380.9333333,444.3333333
Residence Inn by Marriott New York Downtown Manhattan/Financial District,254.8666667,295.9777778
Residence Inn by Marriott New York JFK Airport,324,375.05
Residence Inn by Marriott New York Manhattan/Midtown East,488.2,565.38
Residence Inn by Marriott New York Manhattan/Times Square,425.4,493.4888889
Residence Inn by Marriott Newark Elizabeth/Liberty International Airport,202.4,237.0857143
Residence Inn by Marriott Saddle River,191.075,219.025
Residence Inn by Marriott Wayne,233.4,267.28
Residence Inn by Marriott Weehawken,353.5555556,405.3888889
Residence Inn by Marriott White Plains Westchester County,282.9090909,323.5909091
Residence Inn by Marriott Yonkers Westchester County,234.125,269.2083333
Rest Inn - Elizabeth,133,152.5714286
"Robert Treat Hotel, BW Premier Collection",148.3333333,171
Rockaway Hotel Brooklyn,194.974359,227.2051282
Rockville Centre Hotel,283.0322581,315.9354839
Rodeway Inn,115.2394366,131.8309859
Rodeway Inn Capri,117.673913,138.2391304
Rodeway Inn Jersey City near Hoboken,140.1111111,163.6111111
Rodeway Inn Meadowlands,134.8611111,158.6666667
Rodeway Inn Near JFK Airport,569,656
Roxy Hotel New York,454.9354839,560.4193548
Royal Hotel Bronx,174.4736842,203.8421053
Royal Regency Hotel,206.6590909,247.2727273
Royalton New York,317.9791667,408.4583333
Royalton Park Avenue,380.3863636,485.8409091
SIXTY Lower East Side,402.4313725,363.9803922
SIXTY SoHo,598.6666667,697.3
San Carlos Hotel,308.0769231,391.6923077
Sanctuary Hotel New York,371.3,455
Selina Chelsea,287.8333333,355.9375
Sheraton Brooklyn New York Hotel,296.4545455,343.7727273
Sheraton LaGuardia East Hotel,311.5625,360.8125
Sheraton Lincoln Harbor Hotel,285.6764706,327.5882353
Sheraton New York Times Square Hotel,350.4081633,435.6326531
Sheraton Tarrytown Hotel,242.2903226,277.1290323
Sheraton Tribeca New York Hotel,301.62,349.64
Sheridan Hotel,226.0384615,262.9615385
Sky Hotel Flushing/LaGuardia Airport,163.6756757,198.8378378
Sleepy Hollow Hotel,206.8444444,236.7333333
Smyth Tribeca,423.0588235,540.5490196
SoHo 54 Hotel,304.5,296.2884615
Sofitel New York,349.5294118,433.7254902
Soho Grand Hotel,486.875,597.09375
Sonder Chambers,579,667
Sonder City Hall Park,498,575
Sonder Duane Street,332.3333333,384.8333333
Sonder The Dutch,294.8181818,341.7272727
Sonder The Industrialist,297.0833333,344.4166667
Sonder The William,301,349
Sonder at One Platt,526,607
Sonesta Simply Suites Jersey City,273.2727273,318.8787879
Sonesta Simply Suites Nanuet,155.0392157,172.4705882
Sonesta White Plains Downtown,257.2058824,315.8235294
Spacious 1BR Apt Mins to NYC/EWR!,100,154
Spacious 2-Bedroom Apartment close to Manhattan #1,240,538
Spacious 2-Bedroom Apartment close to Manhattan #2,240,538
Spacious one bedroom one bathroom beautiful home,200,351.2
"Spectacular 2- bedroom Apt in Yonkers, NY",180,408
SpringHill Suites by Marriott East Rutherford Meadowlands/Carlstadt,241.7391304,284.4347826
SpringHill Suites by Marriott New York JFK Airport/Jamaica,260.25,302.1666667
SpringHill Suites by Marriott New York Manhattan/Chelsea,289.6,337.725
SpringHill Suites by Marriott New York Manhattan/Times Square South,295.7105263,344.5263158
SpringHill Suites by Marriott New York Midtown Manhattan,323.46,374.82
SpringHill Suites by Marriott New York Midtown Manhattan/Park Avenue,327.4516129,379.483871
SpringHill Suites by Marriott Newark Liberty International,166.08,191
SpringHill Suites by Marriott Tarrytown Westchester County,214.625,245.40625
SpringHill Suites by Marriott Tuckahoe Westchester County,284.7727273,325.5909091
SpringHill Suites by Marriott Woodbridge,161.0740741,184.8518519
Springhill Suites by Marriott Carle Place Garden City,290.3333333,324.1333333
Square Hotel at Times Square,450,543
Stay in the Heart of Midtown Manhattan! Minutes to Empire State! 3 Spaces!,1,1.266666667
"Staypineapple, An Artful Hotel, Midtown",284.0196078,358.1372549
Steinway Hotel,164.0731707,191.6341463
Studio 6 min to NYC station,130,176
Studio at North Bergen close to NYC and mass transportation,148.6666667,230.2222222
Studios Midtown Manhattan,357.25,533.25
Studios in New York,418.5,714
"Stylish 3-bedroom 3rd fl Apt in Mount Vernon, NY",250,475
Stylish Luxe Apartment,120,186
Super 8 by Wyndham Long Island City LGA Hotel,144.3541667,169.25
Super 8 by Wyndham Meadowlands,115.5306122,136.122449
Super 8 by Wyndham North Bergen NJ/NYC Area,145.1282051,170.6666667
Super 8 by Wyndham Nyack NY,133.12,152.68
Super 8 by Wyndham Rahway/Newark,112.8536585,129.1707317
Super Lake Hotel,140.7105263,164.9473684
Superior King,539,733.28
Superior King with Shared Balcony,569,770.94
SureStay Hotel by Best Western Secaucus Meadowlands,170.5806452,201
Swan Motel,99.76923077,113.9230769
TBA Times Square,314.2272727,369.0909091
TRYP by Wyndham New York City Times Square / Midtown,244.8823529,306.9607843
TRYP by Wyndham Newark Downtown,144.6666667,166.7254902
Tappan Zee Hotel,120,134
Tarrytown House Estate on the Hudson,262,319.75
Teaneck Cozy Home,500,684
Teaneck Marriott at Glenpointe,207.7941176,238.0882353
Tempo by Hilton New York Times Square,434.4,501.9
"The Algonquin Hotel Times Square, Autograph Collection",372.34,460.76
The Allen Hotel,362.08,341.14
The Andrew Hotel,235.5531915,263.212766
The Baltic Hotel,208.4666667,254.1666667
"The Beekman, A Thompson Hotel",486.5,601.98
The Belvedere Hotel,378.4230769,372.4038462
The Benjamin Royal Sonesta New York,351.4705882,453.3921569
"The Bernic Hotel New York City, Tapestry Collection by Hilton",324.625,376.125
The Boro Hotel,258.375,321.8125
The Bowery Hotel,634.5681818,731.7272727
The Box House Hotel,391.7777778,452.9259259
The Brooklyn,173.0625,224.5416667
The Broome Nyc,505.1724138,583.4827586
The Bryant Park Hotel,379.3137255,471.4705882
"The Carlyle, A Rosewood Hotel",165.26,1
The Central Park North,148.7916667,173.8958333
"The Chatwal, In The Unbound Collection By Hyatt",700.5384615,484.5
"The Cloud One New York-Downtown, by the Motel One Group",297.8571429,345.3714286
The DeBary Inn,218.6666667,257.3333333
The Dominick,636.8627451,746.1764706
"The Draper New York, Tapestry Collection by Hilton",399.0227273,461.25
The Evelyn Hotel,366.9215686,455.5882353
The FIDI Hotel,268.1714286,317.0285714
The Fifty Sonesta Select New York,320.6078431,418.1568627
The Flat NYC,199.1428571,231.7142857
The Floral Park Motor Lodge,168.627451,191.8823529
The Frederick Hotel,341.3061224,426.122449
The Gallivant Times Square,417.1372549,247.9607843
The Garden City Hotel,392.7307692,465.7307692
The Gardens Sonesta ES Suites New York,438.6862745,553.6078431
The Gatsby Hotel,236.82,314.6
The George,379,434
The Gotham Hotel,329.8235294,409.6470588
The Grand Summit Hotel,195,224
The Hilton Club - New York,380.5588235,440.7941176
The Historic Blue Moon Hotel - NYC,620.7708333,294.1875
The Holland Hotel,237.9714286,277.5142857
The Hotel @ Fifth Avenue,330.5686275,402.8039216
The Hotel Chelsea,458.5483871,529.2903226
The Hoxton Williamsburg,469.8,542.56
The Iroquois New York,389.3673469,481.3469388
The James New York - NoMad,330.0980392,428.0588235
The Jane Hotel,209.2962963,243.4444444
"The Jewel, a Club Quarters Hotel, Opposite Rockefeller Center",323.98,375.26
The Kenilworth,196.7941176,225.7647059
The Kimberly Hotel,436.1489362,509.4893617
The Kitano Hotel New York,339.82,393.6
The Knickerbocker Hotel,455.5714286,577.4081633
"The L Hotel, Ascend Hotel Collection",194.673913,226.9130435
"The Langham, New York, Fifth Avenue",705.1346154,715.1153846
The Leo House,564.0930233,115.9534884
The Lex NYC,318.2941176,401.8431373
"The Lexington Hotel, Autograph Collection",332.5,420.24
The Life Hotel,387.6842105,498.3684211
The Local,204.5263158,238.6315789
The Lodge Red Hook,231.8,269.3428571
The Lombardy Hotel,324.0238095,386.5952381
The Lowell,1,1.068181818
The Lucerne Hotel,327.2156863,378.8431373
The Ludlow Hotel,401,463.7
"The MC, Autograph Collection",325.6666667,373.5
The MUSE New York,359.4081633,450.8979592
The Manhattan Club,399.1702128,463.4680851
The Manhattan at Times Square Hotel,244.7307692,324.7692308
The Mansion at Glen Cove,339.2631579,378.7368421
The Maritime Hotel,348.7954545,403.6590909
The Mark,1,1
The Marlton Hotel,390.8235294,451.8431373
The Marmara Park Avenue,335.9019608,452
The Mercer,750.1020408,864.3673469
The Michelangelo Hotel,290.8571429,382.3571429
The Modernist Hotel,338.3636364,411.9090909
The Moore,469.1034483,541.7586207
The Ned NoMad,479.8958333,592.2708333
The New York EDITION,402.92,466.32
The New Yorker A Wyndham Hotel,328.547619,413.7380952
The Nolitan,320.5882353,400.0588235
The One Boutique Hotel,203.3921569,237.0196078
"The Opus Westchester, Autograph Collection",531.8571429,608.4285714
The Parc Hotel,225.5428571,262.3714286
The Park Ave North,164.1914894,191.6595745
The Parkway-with king bed & private bathroom/Private room,100,154
The Pearl New York,422.1590909,522.7954545
The Peninsula New York,574.74,397.64
"The Pierre, A Taj Hotel, New York",527,375.2093023
The Plaza Hotel,650.2244898,1.040816327
The Redbury New York,237.5384615,310.3076923
The Renwick,358.3333333,444.6862745
The Ridge Hotel,236.6041667,343.8958333
"The Ritz-Carlton New York, Central Park",321.4166667,41.625
"The Ritz-Carlton New York, NoMad",541.74,338.32
The Rockaway Hotel,272.7,365.4
"The Roslyn, Tapestry Collection by Hilton",355,396.1875
The Safe House - High Tech Apt #1 - 2 Queen beds,191,310
The Safe House - High Tech Apt #2 - 3 Beds,201,321
The Shelburne Sonesta New York,291.4117647,382.7647059
The Sherry Netherland,768.8431373,541.0784314
The Shoreham Hotel,293.8780488,352.2439024
The Sohotel,404.8974359,488.1282051
The Solita Soho Hotel,346.6862745,306.6862745
The St. Regis New York,459.2,332.28
The Standard East Village,412.7045455,511.4772727
The Standard High Line,438.4318182,541.0227273
The Tillary Hotel,490.4814815,591.1851852
"The Time New York, part of JdV by Hyatt",323.106383,408.6595745
The Times Square EDITION,477.18,567.1
The Towers at Lotte New York Palace,181.5,58.64
The Vanderbilt Hotel Suites,546.2727273,610.0909091
The Vue Hotel Express,228.9756098,281.8292683
The Vue Inn Brooklyn,192.7272727,224.6363636
The Wall Street Hotel,618.4318182,713.1590909
The Wall Street Inn,296.6176471,343.7647059
The Wallace,512.98,592.24
The Wayne Inn,141,161
The Westfield Inn | An elegant boutique hotel at New Jersey,160,201.76
"The Westfield Inn, BW Signature Collection",198.7173913,221.6086957
The Westin Jersey City Newport,347,404.7894737
The Westin New York Grand Central,376,374.68
The Westin New York at Times Square,357.66,448.4
The William Vale,640.8333333,596.0833333
The Williamsburg Hotel,361.5,463.2857143
The Wilshire Grand Hotel,194.1724138,222.5517241
This location will make ur EYES Light UP,152,260
This stylish place to stay is perfect for group trips to NYC!,140,300.3333333
Thompson Central Park - New York,578.4615385,667.0769231
Tides Motor Inn at Stehli Beach,103.5454545,115.5
Top Notch 2 Bedroom Minutes From Central Park,366.3809524,93.76190476
Top Notch 2 Bedroom Suite Minutes From Central Park,366.6756757,106.2972973
Top Notch 2BR & 2BA Suite Minutes From Central Park in Upper East Side,354.9767442,91.60465116
TownePlace Suites by Marriott New York Brooklyn,457.0769231,528
TownePlace Suites by Marriott New York Long Island City/Manhattan View,252.3043478,293
TownePlace Suites by Marriott New York Manhattan,361.3846154,418.0384615
TownePlace Suites by Marriott New York Manhattan/Chelsea,303.6222222,351.8888889
Townhouse Inn & Suites,150.8333333,173
Tranquil Luxury King<br>Suite | Rooftop | Gym | Lounge | Walk to Prudential Center,215,430
Travelodge by Wyndham Avenel Woodbridge,86.32,99.24
Travelodge by Wyndham Jersey City,138.9512195,162.1707317
Travelodge by Wyndham Manhasset,148.372549,165.7647059
Travelodge by Wyndham South Hackensack,104.4878049,122.9268293
Trump International Hotel & Tower New York,763.0784314,710.5294118
Truss Hotel Times Square ,306.3404255,355.0851064
Turkey Hill Inn,135.3703704,155.4074074
Umbrella Hotel Brooklyn,153.5128205,179.6923077
Union Hotel,168.1794872,198.9230769
Untitled at 3 Freeman Alley,291.5714286,371.4285714
Upsacale Super LUX Private 2br Apartment,185,406
Very cozy and private retreat Estudio/apartment,275,335
"Viana Hotel and Spa, Trademark Collection by Wyndham",262.2666667,292.6
Virgin Hotels New York City,377.28,474.58
Visit Liberty Science Center! Contemporary Unit! Interactive Exhibits!,325,426
"Vista LIC Hotel, BW Premier Collection",245.2,284.8571429
Voyage Hotel,143.6428571,168.1785714
W Hoboken,384.9411765,441.2941176
W New York - Times Square,413.28,502.7
W New York - Union Square,456.6122449,527.9387755
WALKOUT BASEMENT NEAR downtown  Littleton Ave NEWARK NJ,650,894
WE LOVE NYC: Romantic and super clean private room 25 min. from Times Square,55.5625,100.75
Walker Hotel Greenwich Village,481.0344828,595.6551724
Walker Hotel Tribeca,406.75,504.6875
"Walking Distance to Chrysler Building! Pets Allowed, Parking Available! 3 Spaces",1,1.266666667
Warwick New York,546.8627451,362.9215686
Washington Square Hotel,320.7234043,371.893617
"Watt Hotel Rahway, Tapestry Collection by Hilton",209.36,240.08
WestHouse New York,398.8095238,496.5238095
Westchester Marriott,237.5714286,271.7142857
Westgate New York Grand Central,329.3809524,419.452381
Westminster Hotel,199.1521739,228.3478261
Wheeler Hotel,166.6666667,194.7254902
Wingate by Wyndham Bronx/Haven Park,293.0333333,339.6666667
Wingate by Wyndham New York Midtown South/5th Ave,299.8695652,347.673913
WoodSpring Suites Linden,140,160
World Center Hotel,253.1960784,294
Wyndham Garden Brooklyn Sunset Park,226.4571429,273.3714286
Wyndham Garden Chinatown,283.3,328.58
Wyndham Garden LaGuardia South,203.7741935,237.2258065
Wyndham Garden Long Island City,270.7857143,314.25
Wyndham Garden North Bergen Near Secaucus,173.627451,204.254902
Wyndham Garden Totowa,207.7073171,238.3170732
YMCA West Side,184.2222222,184.2222222
YOTEL New York Times Square,338.8846154,351.5384615
Z & Z APARTMENT 3,150,289.25
"avid Hotels Brooklyn Dyker Heights, an IHG Hotel",220,258.25
citizenM New York Bowery,328.0196078,379.9215686
citizenM New York Times Square,326.3333333,378.0222222
"spectacular 3-bedrooms 2nd fl apt in Mount Vernon, NY",250,517
"voco Fiorello Laguardia East, an IHG Hotel",269,314
"voco The Franklin New York, an IHG Hotel",350.0487805,418.902439
"voco Times Square South, an IHG Hotel",326.5531915,380.3404255
‚òÖAmerican Dream Close By + Near EWR AIRPORT & NYC‚òÖ,299,474
‚òÖMint 2 Bd Apt | 10 min to American Dream Mall | Near NYC & EWR Airport‚òÖ,299,501
‚òÖModern Apt 10 min to American Dream Mall! Near NYC & EWR Airport‚òÖ,149,313
‚ùáÔ∏èROOFTOP TERRACE‚ùáÔ∏è Luxury 1BR Downtown Newark - 20 Mins to NYC,189,355
‚ù§Ô∏èClose to NYCüóΩFree Parkingüöó Ground Level Studio,179,358
‚≠êÔ∏è Best Apt To Visit NYC-5 minutes to‚úàÔ∏èEWR airport+Free Parking,125,352
‚≠êÔ∏è Best Studio/RV To Visit NYC‚úàÔ∏èEWR Airport-Free Parking,84.71428571,257.5714286
‚≠êÔ∏èSpacious LOFT W/King BD + Free Parking Near EWR‚úàÔ∏è NYCüóΩ‚ù§Ô∏è & üá∫üá∏ DREAM Mall ‚≠êÔ∏è,195,362
üåüRooftopTerraceüåü Downtown Luxury 1BR-5 min walk 2 Prudential,189,355.6
üî∞Luxury 1BR Apt‚Ä¢ Kng Bed‚Ä¢ Rooftop DwnTwn Newark 5üåü,188,396
