Hotel Name,Hotel Rating
31 Street Broadway Hotel,5.2 out of 10 (603 reviews)
Americana Motel,4.6 out of 10 (115 reviews)
"Luxury Private Room in Westfield, 1 hour to NYC",10.0 out of 10 Exceptional (3 reviews)
Days Inn by Wyndham Wayne,"6.4 out of 10 (1,002 reviews)"
Quality Inn Wayne - Fairfield Area,5.0 out of 10 (468 reviews)
Americas Best Value Inn Avenel Woodbridge,6.2 out of 10 (290 reviews)
‚≠êÔ∏è Best Studio/RV To Visit NYC‚úàÔ∏èEWR Airport-Free Parking,6.0 out of 10 (2 reviews)
Travelodge by Wyndham Avenel Woodbridge,4.2 out of 10 (151 reviews)
Red Roof Inn PLUS+ Newark Liberty Airport - Carteret,"6.2 out of 10 (1,003 reviews)"
Kamway Lodge & Travel,5.4 out of 10 (64 reviews)
Rodeway Inn,4.8 out of 10 (160 reviews)
Tides Motor Inn at Stehli Beach,6.6 out of 10 (296 reviews)
Rodeway Inn Capri,5.8 out of 10 (736 reviews)
Private room with its own private bathroom,10.0 out of 10 Exceptional (1 review)
L 3 Downtown Newark Guesthouse,7.2 out of 10 Good (11 reviews)
Mamaroneck Motel,5.8 out of 10 (235 reviews)
Crown Inn Motel,6.6 out of 10 (50 reviews)
Inn at Jericho,7.6 out of 10 Good (891 reviews)
Piermont Cozy Haven,7.0 out of 10 Good (8 reviews)
Holly Hill Motel,5.8 out of 10 (209 reviews)
Motel House,6.2 out of 10 (8 reviews)
Coliseum Inn & Suites - Garden City Long Island,3.8 out of 10 (95 reviews)
"Motel 6 Elizabeth, NJ - Newark Liberty Intl Airport","4.4 out of 10 (1,004 reviews)"
Tappan Zee Hotel,6.0 out of 10 (436 reviews)
Horizon Inn,8.4 out of 10 Very Good (457 reviews)
NY Moore Hostel,8.0 out of 10 Very Good (471 reviews)
"Red Carpet Inn Newark Irvington, NJ","5.6 out of 10 (1,000 reviews)"
The Safe House - High Tech Apt #2 - 3 Beds,10.0 out of 10 Exceptional (12 reviews)
‚≠êÔ∏è Best Apt To Visit NYC-5 minutes to‚úàÔ∏èEWR airport+Free Parking,6.6 out of 10 (6 reviews)
Wyndham Garden Totowa,6.6 out of 10 (685 reviews)
Quality Inn Spring Valley - Nanuet,"6.6 out of 10 (1,002 reviews)"
Hampton Inn & Suites Newark Airport Elizabeth,"7.2 out of 10 Good (1,500 reviews)"
Super 8 by Wyndham Nyack NY,7.0 out of 10 Good (663 reviews)
Ramada by Wyndham East Orange,"5.0 out of 10 (1,001 reviews)"
Days Inn by Wyndham Nanuet / Spring Valley,6.2 out of 10 (977 reviews)
La Quinta Inn & Suites by Wyndham Fairfield NJ,"6.4 out of 10 (1,003 reviews)"
Hotel Mint JFK Airport,5.6 out of 10 (416 reviews)
Rodeway Inn,5.2 out of 10 (105 reviews)
Ramada by Wyndham Rochelle Park Near Paramus,"7.0 out of 10 Good (1,003 reviews)"
Red Roof Inn Fairfield,7.8 out of 10 Good (748 reviews)
Rest Inn - Elizabeth,4.0 out of 10 (56 reviews)
LUXE | Private & Modern | Close to City,10.0 out of 10 Exceptional (1 review)
Hudson Plaza Motel Bayonne / Jersey City,5.4 out of 10 (226 reviews)
Modern Cozy Apartment - Near American Dream Theme Park & NYC,10.0 out of 10 Exceptional (1 review)
Hotel Executive Suites,"6.8 out of 10 (1,002 reviews)"
"Motel 6 Elmsford, NY - White Plains",6.2 out of 10 (376 reviews)
Days Inn by Wyndham Iselin / Woodbridge,5.8 out of 10 (758 reviews)
Studio at North Bergen close to NYC and mass transportation,8.6 out of 10 Excellent (7 reviews)
Comfort Suites Newark - Harrison,"7.8 out of 10 Good (1,003 reviews)"
Best Western The Inn At Ramsey,"7.2 out of 10 Good (1,002 reviews)"
Travelodge by Wyndham South Hackensack,6.2 out of 10 (553 reviews)
Extended Stay America Suites Meadowlands East Rutherford,"5.4 out of 10 (1,001 reviews)"
Rodeway Inn Meadowlands,6.0 out of 10 (998 reviews)
WoodSpring Suites Linden,6.8 out of 10 (288 reviews)
"Robert Treat Hotel, BW Premier Collection","6.6 out of 10 (1,008 reviews)"
Perfect near NYC,2.0 out of 10 (1 review)
Red Roof Inn PLUS+ Secaucus - Meadowlands - NYC,"6.8 out of 10 (1,003 reviews)"
The Wayne Inn,4.6 out of 10 (57 reviews)
Sonesta Simply Suites Nanuet,8.2 out of 10 Very Good (758 reviews)
Days Inn by Wyndham Elmsford / White Plains,6.0 out of 10 (989 reviews)
Extended Stay America Suites Elizabeth Newark Airport,"6.0 out of 10 (1,001 reviews)"
Umbrella Hotel Brooklyn,6.2 out of 10 (62 reviews)
Comfort Inn Paramus,"8.4 out of 10 Very Good (1,003 reviews)"
Hampton Inn Woodbridge,"8.2 out of 10 Very Good (1,001 reviews)"
Days Inn by Wyndham Ridgefield NJ,"6.2 out of 10 (1,003 reviews)"
Super 8 by Wyndham Meadowlands,"6.6 out of 10 (1,002 reviews)"
Hampton Inn Ridgefield Park,"8.0 out of 10 Very Good (1,002 reviews)"
Extended Stay America Suites Meadowlands Rutherford,"6.4 out of 10 (1,001 reviews)"
The Central Park North,6.8 out of 10 (595 reviews)
Howard Johnson by Wyndham Clifton NJ,"6.0 out of 10 (1,000 reviews)"
Travelodge by Wyndham Jersey City,6.2 out of 10 (486 reviews)
Voyage Hotel,5.4 out of 10 (705 reviews)
Luxury Studio Suite- 5mins to EWR-close to NYC,10.0 out of 10 Exceptional (1 review)
Essence Express Wayne,5.4 out of 10 (125 reviews)
Super 8 by Wyndham Rahway/Newark,6.4 out of 10 (393 reviews)
Haiban Inn,6.0 out of 10 (292 reviews)
Latisha luxury place ,9.4 out of 10 Exceptional (3 reviews)
Extended Stay America Suites Ramsey Upper Saddle River,6.4 out of 10 (665 reviews)
Courtyard by Marriott Newark Liberty International Airport,"8.2 out of 10 Very Good (1,002 reviews)"
Hotel Pergola JFK Airport,4.4 out of 10 (90 reviews)
"Holiday Inn Clark - Newark Area, an IHG Hotel","8.2 out of 10 Very Good (1,001 reviews)"
Hampton Inn Newark Airport,"8.4 out of 10 Very Good (1,514 reviews)"
"Holiday Inn Express Ramsey-Mahwah, an IHG Hotel","8.8 out of 10 Excellent (1,000 reviews)"
Hampton Inn Linden,"7.8 out of 10 Good (1,003 reviews)"
DoubleTree by Hilton Fairfield Hotel & Suites,7.8 out of 10 Good (919 reviews)
Howard Johnson Hotel by Wyndham Newark Airport,"6.4 out of 10 (1,001 reviews)"
Quality Inn near Sunset Park,7.2 out of 10 Good (295 reviews)
Charming and Comfy,10.0 out of 10 Exceptional (2 reviews)
Action Lodge 3Bedroom and 2Bathroom,10.0 out of 10 Exceptional (2 reviews)
Best Western Fort Lee,"7.6 out of 10 Good (1,001 reviews)"
APA Hotel Woodbridge,"7.6 out of 10 Good (1,003 reviews)"
DoubleTree by Hilton Fort Lee - George Washington Bridge,"7.2 out of 10 Good (1,001 reviews)"
Days Inn by Wyndham Jersey City / NYC Area,5.0 out of 10 (368 reviews)
"Holiday Inn Hasbrouck Heights-Meadowlands, an IHG Hotel","8.0 out of 10 Very Good (1,001 reviews)"
Casa Azul Hotel Blu JFK,6.8 out of 10 (260 reviews)
"Holiday Inn Express Woodbridge, an IHG Hotel",8.0 out of 10 Very Good (940 reviews)
Super Lake Hotel,7.0 out of 10 Good (196 reviews)
The Jane Hotel,"8.2 out of 10 Very Good (1,001 reviews)"
Wheeler Hotel,6.6 out of 10 (114 reviews)
Grandview Hotel New York,8.6 out of 10 Excellent (761 reviews)
TRYP by Wyndham Newark Downtown,"7.8 out of 10 Good (1,293 reviews)"
Hilton Garden Inn Nanuet,7.8 out of 10 Good (962 reviews)
Hilton Garden Inn Secaucus/Meadowlands,"8.2 out of 10 Very Good (1,000 reviews)"
Best Western Plus Newark Airport West,"6.8 out of 10 (1,002 reviews)"
Steinway Hotel,7.6 out of 10 Good (212 reviews)
Courtyard by Marriott Paramus,8.6 out of 10 Excellent (978 reviews)
Travelodge by Wyndham Manhasset,6.0 out of 10 (863 reviews)
Mitchell Executive Hotel,"7.6 out of 10 Good (1,002 reviews)"
Best Western Paramus Hotel & Suites,"8.4 out of 10 Very Good (1,000 reviews)"
Airway Inn at LaGuardia,5.2 out of 10 (733 reviews)
Paris Suites Hotel,6.6 out of 10 (318 reviews)
Fairfield Inn & Suites by Marriott New York Staten Island,"8.0 out of 10 Very Good (1,000 reviews)"
Cozy Apartment Fantastic Location,8.6 out of 10 Excellent (6 reviews)
"Home2 Suites by Hilton Wayne, NJ",8.8 out of 10 Excellent (406 reviews)
Hilton Garden Inn Wayne,9.2 out of 10 Wonderful (542 reviews)
SureStay Hotel by Best Western Secaucus Meadowlands,"8.0 out of 10 Very Good (1,004 reviews)"
Townhouse Inn & Suites,4.4 out of 10 (109 reviews)
Fairfield Inn & Suites by Marriott Woodbridge,7.8 out of 10 Good (532 reviews)
Newark Hansbury Multi Level House,6.0 out of 10 (3 reviews)
Howard Johnson by Wyndham North Bergen,"5.4 out of 10 (1,000 reviews)"
Fairfield Inn & Suites Newark Liberty International Airport,"8.0 out of 10 Very Good (1,005 reviews)"
Fairfield Inn & Suites by Marriott Paramus,8.4 out of 10 Very Good (649 reviews)
Extended Stay America Suites Secaucus Meadowlands,"6.8 out of 10 (1,000 reviews)"
Homewood Suites by Hilton Teaneck Glenpointe,8.8 out of 10 Excellent (884 reviews)
Hilton Meadowlands,"7.0 out of 10 Good (1,099 reviews)"
Hampton Inn & Suites Teaneck Glenpointe,"8.6 out of 10 Excellent (1,002 reviews)"
"Crowne Plaza Englewood, an IHG Hotel","7.6 out of 10 Good (1,000 reviews)"
Ardsley Acres Hotel Westchester,"7.8 out of 10 Good (1,002 reviews)"
"Holiday Inn Newark International Airport, an IHG Hotel",7.6 out of 10 Good (235 reviews)
Quality Suites NYC Gateway,7.4 out of 10 Good (998 reviews)
Home2 Suites by Hilton Hasbrouck Heights,9.2 out of 10 Wonderful (839 reviews)
Homewood Suites by Hilton Newark-Cranford,8.4 out of 10 Very Good (895 reviews)
Hilton Short Hills,8.4 out of 10 Very Good (666 reviews)
Home2 Suites by Hilton Newark Airport,7.8 out of 10 Good (953 reviews)
Courtyard by Marriott Montvale,8.4 out of 10 Very Good (432 reviews)
Clinton Inn Hotel & Event Center,7.4 out of 10 Good (962 reviews)
Hampton Inn Nanuet,"7.4 out of 10 Good (1,002 reviews)"
The Floral Park Motor Lodge,7.0 out of 10 Good (359 reviews)
Marriott Saddle Brook,7.8 out of 10 Good (723 reviews)
Phoenix Hotel,5.0 out of 10 (75 reviews)
7 Days Hotel Bronx,6.2 out of 10 (159 reviews)
"Luxury 1 Bdrm (King)- mins to NYC, Airport, & Prudential Center/ Downtown Newark",9.0 out of 10 Wonderful (2 reviews)
Jazz On The Park Hostel,5.8 out of 10 (204 reviews)
Sky Hotel Flushing/LaGuardia Airport,6.2 out of 10 (34 reviews)
"Crowne Plaza Newark Airport, an IHG Hotel","7.2 out of 10 Good (1,003 reviews)"
SpringHill Suites by Marriott Newark Liberty International,"8.0 out of 10 Very Good (1,004 reviews)"
Rodeway Inn Jersey City near Hoboken,5.8 out of 10 (809 reviews)
Days Hotel by Wyndham North Bergen /NYC Area,"6.4 out of 10 (1,000 reviews)"
"Holiday Inn Express Hotel & Suites Meadowlands Area, an IHG Hotel","8.4 out of 10 Very Good (1,004 reviews)"
Hampton Inn & Suites Staten Island,"8.2 out of 10 Very Good (1,001 reviews)"
Hyatt Place Fair Lawn Paramus,"8.0 out of 10 Very Good (1,001 reviews)"
Hilton Hasbrouck Heights/Meadowlands,"7.6 out of 10 Good (1,000 reviews)"
Courtyard by Marriott Secaucus Meadowlands,8.6 out of 10 Excellent (948 reviews)
"Holiday Inn Express Newark Airport Elizabeth, an IHG Hotel","8.4 out of 10 Very Good (1,004 reviews)"
Wyndham Garden North Bergen Near Secaucus,8.0 out of 10 Very Good (853 reviews)
Red Carpet Inn Elmwood Park,6.0 out of 10 (207 reviews)
Comfort Suites at Woodbridge,8.0 out of 10 Very Good (543 reviews)
DoubleTree by Hilton Newark Penn Station,"7.8 out of 10 Good (1,003 reviews)"
Embassy Suites Newark Airport,"8.0 out of 10 Very Good (1,003 reviews)"
Teaneck Marriott at Glenpointe,8.6 out of 10 Excellent (999 reviews)
Comfort Inn & Suites near Stadium,8.2 out of 10 Very Good (912 reviews)
Cabana Hotel Yankee Stadium,4.8 out of 10 (205 reviews)
SoHo 54 Hotel,"7.0 out of 10 Good (1,003 reviews)"
üî∞Luxury 1BR Apt‚Ä¢ Kng Bed‚Ä¢ Rooftop DwnTwn Newark 5üåü,9.4 out of 10 Exceptional (3 reviews)
Residence Inn by Marriott Newark Elizabeth/Liberty International Airport,8.4 out of 10 Very Good (522 reviews)
Americana Inn,"6.8 out of 10 (1,003 reviews)"
Courtyard by Marriott Newark Downtown,"8.6 out of 10 Excellent (1,001 reviews)"
Fairfield Inn by Marriott East Rutherford Meadowlands,"8.4 out of 10 Very Good (1,001 reviews)"
Hilton Garden Inn Springfield,9.0 out of 10 Wonderful (520 reviews)
Elmhurst Hotel,7.6 out of 10 Good (91 reviews)
‚ùáÔ∏èROOFTOP TERRACE‚ùáÔ∏è Luxury 1BR Downtown Newark - 20 Mins to NYC,9.8 out of 10 Exceptional (11 reviews)
üåüRooftopTerraceüåü Downtown Luxury 1BR-5 min walk 2 Prudential,9.8 out of 10 Exceptional (10 reviews)
La Quinta Inn & Suites by Wyndham Clifton/Rutherford,"7.6 out of 10 Good (1,124 reviews)"
"Crowne Plaza Saddle Brook, an IHG Hotel","7.8 out of 10 Good (1,001 reviews)"
"Holiday Inn Express Jamaica - JFK AirTrain - NYC, an IHG Hotel",7.0 out of 10 Good (448 reviews)
Hampton Inn & Suites Fairfield,8.8 out of 10 Excellent (320 reviews)
Royal Hotel Bronx,2.0 out of 10 (4 reviews)
Ramada by Wyndham Rockville Centre,"6.6 out of 10 (1,000 reviews)"
"Home2 Suites by Hilton Rahway, NJ",8.8 out of 10 Excellent (880 reviews)
Hotel Key LaGuardia Airport,5.8 out of 10 (249 reviews)
SpringHill Suites by Marriott East Rutherford Meadowlands/Carlstadt,9.0 out of 10 Wonderful (434 reviews)
YMCA West Side,7.2 out of 10 Good (94 reviews)
Hilton Woodcliff Lake,7.2 out of 10 Good (811 reviews)
Renaissance Newark Airport Hotel,"8.2 out of 10 Very Good (1,002 reviews)"
Homewood Suites by Hilton East Rutherford - Meadowlands,8.8 out of 10 Excellent (898 reviews)
The Grand Summit Hotel,7.8 out of 10 Good (972 reviews)
Cheerful 3BR residential home with free parking,9.2 out of 10 Wonderful (7 reviews)
Courtyard by Marriott Newark Elizabeth,8.4 out of 10 Very Good (895 reviews)
The Baltic Hotel,6.2 out of 10 (223 reviews)
"Watt Hotel Rahway, Tapestry Collection by Hilton",8.0 out of 10 Very Good (484 reviews)
Hilton Newark Airport,"8.0 out of 10 Very Good (1,003 reviews)"
The Kenilworth,"8.6 out of 10 Excellent (1,004 reviews)"
Hotel Opus Bronx,6.8 out of 10 (23 reviews)
Courtyard by Marriott Lyndhurst Meadowlands,"8.6 out of 10 Excellent (1,000 reviews)"
Meadowlands Plaza Hotel,"8.2 out of 10 Very Good (1,002 reviews)"
Hampton Inn & Suites Newark-Harrison-Riverwalk,"6.8 out of 10 (1,004 reviews)"
LUXURY COCO CHANEL THEMED APARTMENT,10.0 out of 10 Exceptional (1 review)
Hilton Garden Inn New York / Staten Island,"8.0 out of 10 Very Good (1,008 reviews)"
Night Hotel Broadway,"5.8 out of 10 (1,036 reviews)"
Hampton Inn & Suites Yonkers,"8.0 out of 10 Very Good (1,000 reviews)"
Royal Regency Hotel,"8.0 out of 10 Very Good (1,005 reviews)"
Delta Hotels by Marriott Woodbridge,8.0 out of 10 Very Good (548 reviews)
The Vue Hotel Express,5.4 out of 10 (111 reviews)
Long Island Marriott,"7.4 out of 10 Good (1,002 reviews)"
Comfort Inn Manhattan - Midtown West,"7.4 out of 10 Good (1,000 reviews)"
Hyatt Place Secaucus/Meadowlands,"8.0 out of 10 Very Good (1,002 reviews)"
Best Western Premier NYC Gateway Hotel,"8.8 out of 10 Excellent (1,002 reviews)"
Aloft Secaucus Meadowlands,8.4 out of 10 Very Good (551 reviews)
Baymont by Wyndham White Plains - Elmsford,"8.0 out of 10 Very Good (1,007 reviews)"
Residence Inn by Marriott Saddle River,8.4 out of 10 Very Good (309 reviews)
Untitled at 3 Freeman Alley,8.6 out of 10 Excellent (20 reviews)
Hilton Garden Inn Ridgefield Park,"8.2 out of 10 Very Good (1,005 reviews)"
"Staypineapple, An Artful Hotel, Midtown",9.0 out of 10 Wonderful (990 reviews)
Hyatt Place Fort Lee / George Washington Bridge,"9.0 out of 10 Wonderful (1,010 reviews)"
Hilton Garden Inn New York/Times Square Central,"8.0 out of 10 Very Good (1,013 reviews)"
Days Inn by Wyndham Brooklyn Marine Park,7.0 out of 10 Good (487 reviews)
Residence Inn by Marriott East Rutherford Meadowlands,8.6 out of 10 Excellent (666 reviews)
Super 8 by Wyndham North Bergen NJ/NYC Area,"7.2 out of 10 Good (1,002 reviews)"
Cambria Hotel West Orange,8.2 out of 10 Very Good (884 reviews)
Element Spring Valley,8.6 out of 10 Excellent (196 reviews)
Homewood Suites by Hilton Edgewater,"8.6 out of 10 Excellent (1,000 reviews)"
Asiatic Hotel by LaGuardia Airport,"8.2 out of 10 Very Good (1,005 reviews)"
"Holiday Inn New York City - Wall Street, an IHG Hotel",7.2 out of 10 Good (999 reviews)
Four Points By Sheraton New York Downtown,"7.4 out of 10 Good (1,086 reviews)"
Pod 51,"7.8 out of 10 Good (1,004 reviews)"
Element Harrison - Newark,"9.0 out of 10 Wonderful (1,000 reviews)"
Renaissance Meadowlands Hotel,8.6 out of 10 Excellent (724 reviews)
Chelsea Pines Inn,8.2 out of 10 Very Good (810 reviews)
The Fifty Sonesta Select New York,"8.2 out of 10 Very Good (1,004 reviews)"
Residence Inn Secaucus Meadowlands,9.0 out of 10 Wonderful (937 reviews)
Hampton Inn White Plains/Tarrytown,"7.8 out of 10 Good (1,001 reviews)"
Courtyard by Marriott Yonkers Westchester County,"8.6 out of 10 Excellent (1,080 reviews)"
Feather Factory,"8.2 out of 10 Very Good (1,001 reviews)"
Courtyard Long Island City/New York Manhattan View,8.6 out of 10 Excellent (688 reviews)
Comfort Inn & Suites,8.8 out of 10 Excellent (468 reviews)
DoubleTree by Hilton New York Downtown,"7.4 out of 10 Good (1,239 reviews)"
"Holiday Inn Express New York City- Wall Street, an IHG Hotel",7.6 out of 10 Good (999 reviews)
Courtyard by Marriott West Orange,8.4 out of 10 Very Good (947 reviews)
The Vue Inn Brooklyn,6.2 out of 10 (151 reviews)
The Gatsby Hotel,7.2 out of 10 Good (509 reviews)
The FIDI Hotel,9.0 out of 10 Wonderful (48 reviews)
Knights Inn Brooklyn Sunset Park,6.2 out of 10 (624 reviews)
Pod Times Square,"8.6 out of 10 Excellent (3,053 reviews)"
"The Cloud One New York-Downtown, by the Motel One Group",8.6 out of 10 Excellent (138 reviews)
Sheraton Tribeca New York Hotel,"8.2 out of 10 Very Good (1,001 reviews)"
Moxy NYC Downtown,8.6 out of 10 Excellent (831 reviews)
Hotel Mimosa,8.4 out of 10 Very Good (413 reviews)
Marriott Park Ridge,8.8 out of 10 Excellent (458 reviews)
"The L Hotel, Ascend Hotel Collection",7.8 out of 10 Good (507 reviews)
"Hilton Garden Inn Westchester Dobbs Ferry, NY",8.6 out of 10 Excellent (593 reviews)
DoubleTree by Hilton Hotel Newark Airport,"6.6 out of 10 (1,806 reviews)"
Homewood Suites by Hilton Edison Woodbridge,9.4 out of 10 Exceptional (108 reviews)
Freehand New York,"8.2 out of 10 Very Good (1,006 reviews)"
Walker Hotel Tribeca,8.6 out of 10 Excellent (401 reviews)
La Quinta Inn & Suites by Wyndham New York City Central Park,"6.8 out of 10 (1,001 reviews)"
The Boro Hotel,"8.2 out of 10 Very Good (1,002 reviews)"
Casa Blanca Hotel Brooklyn,6.0 out of 10 (265 reviews)
The Shelburne Sonesta New York,"8.2 out of 10 Very Good (1,009 reviews)"
Paramount Times Square,"6.8 out of 10 (1,007 reviews)"
LIC Hotel,8.8 out of 10 Excellent (998 reviews)
Extended Stay America Suites Secaucus New York City Area,"6.6 out of 10 (1,000 reviews)"
Hampton Inn Manhattan/Downtown-Financial District,"8.2 out of 10 Very Good (1,000 reviews)"
Courtyard by Marriott Wayne Fairfield,8.6 out of 10 Excellent (384 reviews)
Hilton Garden Inn New York/Manhattan-Midtown East,"8.0 out of 10 Very Good (1,004 reviews)"
Highbridge Hotel,9.4 out of 10 Exceptional (66 reviews)
Flushing Central Hotel,7.0 out of 10 Good (594 reviews)
King Hotel Brooklyn Sunset Park,7.0 out of 10 Good (78 reviews)
The Flat NYC,8.0 out of 10 Very Good (16 reviews)
"Holiday Inn Express New York - Manhattan West Side, an IHG Hotel","7.6 out of 10 Good (1,001 reviews)"
Hotel 48LEX New York,8.2 out of 10 Very Good (996 reviews)
Orchard Street Hotel,7.2 out of 10 Good (642 reviews)
"Hotel Indigo NYC Financial District, an IHG Hotel",8.8 out of 10 Excellent (117 reviews)
Hilton Garden Inn New York/Tribeca,"8.4 out of 10 Very Good (1,003 reviews)"
The Lex NYC,8.6 out of 10 Excellent (997 reviews)
Hampton Inn Garden City Long Island,"8.4 out of 10 Very Good (1,001 reviews)"
Hampton Inn NY-JFK,"7.8 out of 10 Good (1,351 reviews)"
Hampton Inn Carlstadt-At The Meadowlands,"8.6 out of 10 Excellent (1,001 reviews)"
Pod 39,"8.4 out of 10 Very Good (1,032 reviews)"
"Vista LIC Hotel, BW Premier Collection","8.2 out of 10 Very Good (1,001 reviews)"
Comfort Inn Edgewater on Hudson River,8.0 out of 10 Very Good (968 reviews)
Hilton New York JFK Airport,"7.4 out of 10 Good (1,158 reviews)"
"Distrikt Hotel New York City, Tapestry Collection by Hilton",8.2 out of 10 Very Good (999 reviews)
Eurostars Wall Street,7.4 out of 10 Good (997 reviews)
"The Bernic Hotel New York City, Tapestry Collection by Hilton","8.8 out of 10 Excellent (1,002 reviews)"
YOTEL New York Times Square,"7.0 out of 10 Good (1,853 reviews)"
Hudson River Hotel,6.8 out of 10 (999 reviews)
OYO Times Square,"7.0 out of 10 Good (1,002 reviews)"
Extended Stay America Suites White Plains Elmsford,"6.4 out of 10 (1,002 reviews)"
"Crowne Plaza JFK Airport New York City, an IHG Hotel","6.8 out of 10 (1,998 reviews)"
Hotel Richland LES,8.6 out of 10 Excellent (103 reviews)
The Manhattan at Times Square Hotel,"5.6 out of 10 (2,916 reviews)"
The Holland Hotel,"8.8 out of 10 Excellent (1,001 reviews)"
The Gallivant Times Square,"6.4 out of 10 (2,092 reviews)"
Ameritania Hotel at Times Square,"8.4 out of 10 Very Good (1,610 reviews)"
Best Western Jamaica Inn,"7.4 out of 10 Good (1,004 reviews)"
Home2 Suites by Hilton NY Long Island City/Manhattan View,9.2 out of 10 Wonderful (994 reviews)
Motto by Hilton New York City Chelsea,8.8 out of 10 Excellent (562 reviews)
Comfort Inn Brooklyn,7.2 out of 10 Good (244 reviews)
Henn na Hotel New York,8.8 out of 10 Excellent (140 reviews)
Quality Inn JFK Airport Rockaway Blvd,6.8 out of 10 (419 reviews)
HGU New York,"8.0 out of 10 Very Good (1,003 reviews)"
The Lodge Red Hook,8.0 out of 10 Very Good (73 reviews)
Aliz Hotel Times Square,"7.8 out of 10 Good (1,181 reviews)"
Best Western Plus Brooklyn Bay Hotel,7.6 out of 10 Good (717 reviews)
"Holiday Inn Express & Suites Jersey City North - Hoboken, an IHG Hotel",8.6 out of 10 Excellent (647 reviews)
JG Sohotel,8.2 out of 10 Very Good (63 reviews)
Element New York Wood Ridge,8.8 out of 10 Excellent (139 reviews)
Four Points by Sheraton Midtown-Times Square,"8.4 out of 10 Very Good (1,002 reviews)"
Hilton Garden Inn NYC Financial Center/Manhattan Downtown,"8.8 out of 10 Excellent (1,003 reviews)"
Midtown West Hotel,6.4 out of 10 (743 reviews)
Element New York Times Square West,"7.8 out of 10 Good (1,009 reviews)"
Radisson Hotel JFK Airport,"6.8 out of 10 (1,007 reviews)"
Corona Hotel,6.8 out of 10 (322 reviews)
Adria Hotel And Conference Center,"8.0 out of 10 Very Good (1,002 reviews)"
"Avion Inn Near LGA Airport, Ascend Hotel Collection","7.2 out of 10 Good (1,000 reviews)"
Hyatt Place New York/Yonkers,"8.4 out of 10 Very Good (1,001 reviews)"
Moxy NYC Lower East Side,9.0 out of 10 Wonderful (148 reviews)
Renaissance New York Chelsea Hotel,8.2 out of 10 Very Good (447 reviews)
Comfort Inn JFK Airport,"8.0 out of 10 Very Good (1,865 reviews)"
Hilton Garden Inn Westbury,"8.0 out of 10 Very Good (1,002 reviews)"
Ravel Hotel Trademark Collection by Wyndham,"7.6 out of 10 Good (1,121 reviews)"
Residence Inn By Marriott West Orange,8.8 out of 10 Excellent (372 reviews)
Courtyard Jersey City Newport,8.8 out of 10 Excellent (999 reviews)
"Holiday Inn Express & Suites Jersey City - Holland Tunnel, an IHG Hotel",8.4 out of 10 Very Good (463 reviews)
Harmony Suites,8.0 out of 10 Very Good (830 reviews)
Millennium Hilton New York One UN Plaza,"8.0 out of 10 Very Good (1,658 reviews)"
Courtyard by Marriott New York Downtown Manhattan/Financial District,7.4 out of 10 Good (451 reviews)
The Hotel @ Fifth Avenue,"7.4 out of 10 Good (1,001 reviews)"
Hotel Mulberry,"9.0 out of 10 Wonderful (1,001 reviews)"
Doxie Hotel,6.8 out of 10 (514 reviews)
Fairfield Inn New York Manhattan/Financial District,"8.0 out of 10 Very Good (1,001 reviews)"
"Hotel Nyack, a JdV by Hyatt Hotel","7.8 out of 10 Good (1,001 reviews)"
Residence Inn by Marriott Wayne,8.8 out of 10 Excellent (309 reviews)
Grayson Hotel in the Unbound Collection by Hyatt,8.6 out of 10 Excellent (46 reviews)
TBA Times Square,7.4 out of 10 Good (229 reviews)
Best Western Mill River Manor,"7.2 out of 10 Good (1,001 reviews)"
Marco LaGuardia Hotel,"8.4 out of 10 Very Good (1,003 reviews)"
Moderne Hotel,"8.4 out of 10 Very Good (1,002 reviews)"
The Benjamin Royal Sonesta New York,"8.8 out of 10 Excellent (1,003 reviews)"
Residence Inn by Marriott White Plains Westchester County,8.6 out of 10 Excellent (444 reviews)
SpringHill Suites by Marriott Tuckahoe Westchester County,9.2 out of 10 Wonderful (704 reviews)
Leon Hotel LES,8.4 out of 10 Very Good (999 reviews)
Hyatt Centric Wall Street New York,"8.8 out of 10 Excellent (1,002 reviews)"
Lic Plaza Hotel,8.8 out of 10 Excellent (413 reviews)
Chelsea Inn,7.8 out of 10 Good (999 reviews)
DoubleTree by Hilton New York Midtown Fifth Ave,"7.2 out of 10 Good (1,013 reviews)"
Cambria Hotel White Plains - Downtown,"9.2 out of 10 Wonderful (1,000 reviews)"
"Hotel Indigo - NYC Downtown - Wall Street, an IHG Hotel",8.8 out of 10 Excellent (426 reviews)
Newark Liberty International Airport Marriott,"8.4 out of 10 Very Good (1,213 reviews)"
SpringHill Suites by Marriott Tarrytown Westchester County,"8.0 out of 10 Very Good (1,001 reviews)"
"Holiday Inn Express New York City Times Square, an IHG Hotel","7.2 out of 10 Good (1,003 reviews)"
Courtyard by Marriott New York World Trade Center Area,8.2 out of 10 Very Good (84 reviews)
Radio Hotel,8.8 out of 10 Excellent (552 reviews)
Cachet Boutique New York,"7.6 out of 10 Good (1,003 reviews)"
Five Towns Inn - JFK Airport,"7.8 out of 10 Good (1,176 reviews)"
The Ridge Hotel,8.0 out of 10 Very Good (903 reviews)
Courtyard Westbury Long Island,8.8 out of 10 Excellent (716 reviews)
Fitzpatrick Grand Central,"9.0 out of 10 Wonderful (1,000 reviews)"
Millennium Downtown New York,"7.4 out of 10 Good (2,680 reviews)"
Opera House Hotel,"9.0 out of 10 Wonderful (1,001 reviews)"
TownePlace Suites by Marriott New York Long Island City/Manhattan View,8.2 out of 10 Very Good (249 reviews)
Aloft Long Island City - Manhattan View,8.4 out of 10 Very Good (855 reviews)
The Modernist Hotel,9.2 out of 10 Wonderful (125 reviews)
"Candlewood Suites New York City-Times Square, an IHG Hotel",7.8 out of 10 Good (998 reviews)
La Quinta Inn & Suites by Wyndham Garden City,"8.0 out of 10 Very Good (1,001 reviews)"
Radisson Hotel New Rochelle,"7.8 out of 10 Good (1,005 reviews)"
Hyatt Place Long Island City/New York City,"8.8 out of 10 Excellent (1,002 reviews)"
"Holiday Inn Express NYC Brooklyn - Sunset Park, an IHG Hotel",7.6 out of 10 Good (89 reviews)
Best Western Plus Soho Hotel,9.6 out of 10 Exceptional (17 reviews)
Hotel 57,"8.4 out of 10 Very Good (1,067 reviews)"
Liberty View Brooklyn hotel,9.0 out of 10 Wonderful (455 reviews)
Arlo NoMad,"8.0 out of 10 Very Good (1,620 reviews)"
Millennium Premier New York Times Square,"6.8 out of 10 (1,007 reviews)"
Fitzpatrick Manhattan Hotel,"8.8 out of 10 Excellent (1,001 reviews)"
"Club Quarters Hotel, World Trade Center","8.6 out of 10 Excellent (1,199 reviews)"
World Center Hotel,"8.6 out of 10 Excellent (1,436 reviews)"
"Martinique New York on Broadway, Curio Collection by Hilton","8.6 out of 10 Excellent (1,007 reviews)"
The Solita Soho Hotel,7.6 out of 10 Good (997 reviews)
The Mansion at Glen Cove,"6.4 out of 10 (1,001 reviews)"
Courtyard by Marriott New York Manhattan/Times Square,8.4 out of 10 Very Good (997 reviews)
"Holiday Inn Westbury - Long Island, an IHG Hotel",7.6 out of 10 Good (800 reviews)
Hotel Le Bleu,"7.8 out of 10 Good (1,000 reviews)"
"Crowne Plaza Times Square Manhattan, an IHG Hotel","8.0 out of 10 Very Good (1,011 reviews)"
Residence Inn Orangeburg,9.0 out of 10 Wonderful (721 reviews)
Chelsea Mews Guest House All Male,3.6 out of 10 (20 reviews)
"Holiday Inn Express Maspeth, an IHG Hotel",8.2 out of 10 Very Good (999 reviews)
Very cozy and private retreat Estudio/apartment,9.0 out of 10 Wonderful (2 reviews)
Madison LES Hotel,7.8 out of 10 Good (417 reviews)
Red Lion Inn & Suites Long Island City,"7.4 out of 10 Good (1,004 reviews)"
"Homewood Suites by Hilton Carle Place - Garden City, NY","8.6 out of 10 Excellent (1,001 reviews)"
Best Western Brooklyn-Coney Island Inn,8.6 out of 10 Excellent (549 reviews)
Pestana CR7 Times Square,8.6 out of 10 Excellent (423 reviews)
Hampton Inn Manhattan-Seaport-Financial District,"8.2 out of 10 Very Good (1,000 reviews)"
"Gild Hall, A Thompson Hotel",9.0 out of 10 Wonderful (998 reviews)
Pestana Park Avenue,8.8 out of 10 Excellent (337 reviews)
Selina Chelsea,7.4 out of 10 Good (549 reviews)
Courtyard by Marriott New York City Manhattan Fifth Avenue,"8.4 out of 10 Very Good (1,000 reviews)"
Courtyard by Marriott New York JFK Airport,"8.0 out of 10 Very Good (1,003 reviews)"
Archer Hotel New York,"9.0 out of 10 Wonderful (1,001 reviews)"
"Insignia Hotel, Ascend Hotel Collection","8.0 out of 10 Very Good (1,004 reviews)"
Broadway Plaza Hotel,"9.0 out of 10 Wonderful (1,226 reviews)"
Mint House at 70 Pine,"9.4 out of 10 Exceptional (1,000 reviews)"
Red Roof PLUS+ Long Island - Garden City,"6.8 out of 10 (1,003 reviews)"
"The Algonquin Hotel Times Square, Autograph Collection",8.8 out of 10 Excellent (995 reviews)
Executive Hotel Le Soleil New York,"8.6 out of 10 Excellent (1,912 reviews)"
The New Yorker A Wyndham Hotel,"8.2 out of 10 Very Good (2,780 reviews)"
The Redbury New York,"8.0 out of 10 Very Good (1,000 reviews)"
Residence Inn Marriott New York Downtown Manhattan/WTC Area,"9.0 out of 10 Wonderful (1,000 reviews)"
"EVEN Midtown East Grand Central, an IHG Hotel","8.8 out of 10 Excellent (1,002 reviews)"
Residence Inn by Marriott New York Downtown Manhattan/Financial District,7.8 out of 10 Good (158 reviews)
Hyatt Place Garden City,"8.4 out of 10 Very Good (1,000 reviews)"
The Parc Hotel,"7.4 out of 10 Good (1,003 reviews)"
Union Hotel,"6.2 out of 10 (1,001 reviews)"
Courtyard by Marriott Edgewater NYC Area,"8.4 out of 10 Very Good (1,163 reviews)"
Ramada by Wyndham New York Times Square West,7.6 out of 10 Good (999 reviews)
Hilton Garden Inn New York/Midtown Park Ave,"8.4 out of 10 Very Good (1,002 reviews)"
The Lombardy Hotel,"8.8 out of 10 Excellent (1,003 reviews)"
Hilton Garden Inn New York/West 35th Street,"9.0 out of 10 Wonderful (1,171 reviews)"
"The Lexington Hotel, Autograph Collection","8.2 out of 10 Very Good (1,001 reviews)"
La Quinta Inn & Suites by Wyndham Times Square South,8.8 out of 10 Excellent (856 reviews)
Wyndham Garden Long Island City,7.6 out of 10 Good (997 reviews)
Sonder The Industrialist,7.0 out of 10 Good (50 reviews)
Dream Downtown,"7.2 out of 10 Good (1,003 reviews)"
Aloft New York LaGuardia Airport,"8.2 out of 10 Very Good (1,000 reviews)"
The Frederick Hotel,"8.6 out of 10 Excellent (1,001 reviews)"
Hilton Pearl River,8.2 out of 10 Very Good (419 reviews)
"The Draper New York, Tapestry Collection by Hilton",8.8 out of 10 Excellent (571 reviews)
Wyndham Garden Brooklyn Sunset Park,8.0 out of 10 Very Good (906 reviews)
Graduate New York,9.0 out of 10 Wonderful (317 reviews)
Hilton New York Fashion District,"8.0 out of 10 Very Good (1,001 reviews)"
"Holiday Inn Express Roslyn - Manhasset Area, an IHG Hotel",7.0 out of 10 Good (432 reviews)
Hilton Garden Inn Queens/JFK Airport,"7.4 out of 10 Good (1,002 reviews)"
Rockville Centre Hotel,8.4 out of 10 Very Good (674 reviews)
Dream Midtown,"8.0 out of 10 Very Good (1,000 reviews)"
"Club Quarters Hotel, Grand Central","8.2 out of 10 Very Good (1,240 reviews)"
Hotel Boutique at Grand Central,"8.4 out of 10 Very Good (1,001 reviews)"
Margaritaville Resort Times Square,"9.0 out of 10 Wonderful (1,938 reviews)"
The Wall Street Inn,"8.8 out of 10 Excellent (1,002 reviews)"
"Club Quarters, Times Square - Midtown","8.4 out of 10 Very Good (1,912 reviews)"
Royalton New York,"8.0 out of 10 Very Good (1,003 reviews)"
Residence Inn Woodbridge Edison/Raritan Center,8.6 out of 10 Excellent (252 reviews)
Hilton Garden Inn New York/Central Park South-Midtown West,"7.4 out of 10 Good (1,071 reviews)"
Fairfield Inn & Suites by Marriott North Bergen,"9.0 out of 10 Wonderful (1,001 reviews)"
The Allen Hotel,8.6 out of 10 Excellent (547 reviews)
Courtyard by Marriott Rye,8.4 out of 10 Very Good (931 reviews)
Fairfield Inn by Marriott New York Manhattan/Fifth Avenue,8.4 out of 10 Very Good (998 reviews)
East Village Hotel,8.2 out of 10 Very Good (548 reviews)
Residence Inn by Marriott Weehawken,"9.0 out of 10 Wonderful (1,000 reviews)"
Wingate by Wyndham Bronx/Haven Park,8.6 out of 10 Excellent (274 reviews)
Courtyard by Marriott New York Queens/Fresh Meadows,8.4 out of 10 Very Good (626 reviews)
Westgate New York Grand Central,"8.6 out of 10 Excellent (1,011 reviews)"
Extended Stay America Suites New York City LaGuardia Airport,"6.8 out of 10 (1,000 reviews)"
Da Vinci Hotel,"7.4 out of 10 Good (1,000 reviews)"
Castle Hotel & Spa,9.0 out of 10 Wonderful (363 reviews)
The One Boutique Hotel,6.8 out of 10 (620 reviews)
Nesva Hotel,8.4 out of 10 Very Good (545 reviews)
Homewood Suites New York/Midtown Manhattan Times Square,"8.4 out of 10 Very Good (1,000 reviews)"
DoubleTree by Hilton Hotel & Suites Jersey City,"8.8 out of 10 Excellent (1,001 reviews)"
Hampton Inn Manhattan/Times Square South,"6.6 out of 10 (1,124 reviews)"
Hotel Hendricks,"8.2 out of 10 Very Good (1,006 reviews)"
DoubleTree by Hilton Hotel Nanuet,"8.4 out of 10 Very Good (1,000 reviews)"
Ink 48 Hotel,"8.2 out of 10 Very Good (1,002 reviews)"
DoubleTree by Hilton Hotel New York City - Chelsea,"7.8 out of 10 Good (1,003 reviews)"
The Moore,9.2 out of 10 Wonderful (102 reviews)
Park Terrace Hotel,"9.2 out of 10 Wonderful (1,002 reviews)"
Hilton Garden Inn Roslyn,9.0 out of 10 Wonderful (856 reviews)
Hilton Garden Inn Long Island City New York,8.6 out of 10 Excellent (997 reviews)
"Holiday Inn NYC - Lower East Side, an IHG Hotel",8.4 out of 10 Very Good (994 reviews)
Hyatt Grand Central New York,"7.8 out of 10 Good (2,002 reviews)"
Comfort Inn & Suites LaGuardia Airport,"7.6 out of 10 Good (1,004 reviews)"
"The Time New York, part of JdV by Hyatt","8.0 out of 10 Very Good (1,003 reviews)"
Residence Inn by Marriott New York Manhattan/Times Square,8.6 out of 10 Excellent (998 reviews)
"Holiday Inn Express - New York City Chelsea, an IHG Hotel","7.8 out of 10 Good (1,001 reviews)"
Sonesta Simply Suites Jersey City,8.4 out of 10 Very Good (999 reviews)
NU Hotel Brooklyn,8.6 out of 10 Excellent (999 reviews)
"Le Meridien New York, Fifth Avenue",7.2 out of 10 Good (5 reviews)
New York Hilton Midtown,"8.0 out of 10 Very Good (1,005 reviews)"
Global Luxury Suites at The Arches,7.2 out of 10 Good (128 reviews)
Millennium Hotel Broadway Times Square,"7.0 out of 10 Good (6,323 reviews)"
Sheraton New York Times Square Hotel,"8.0 out of 10 Very Good (1,405 reviews)"
Warwick New York,"8.0 out of 10 Very Good (1,284 reviews)"
Best Western Queens Gold Coast,"7.8 out of 10 Good (1,001 reviews)"
SpringHill Suites by Marriott New York Manhattan/Chelsea,8.4 out of 10 Very Good (175 reviews)
The Westin New York Grand Central,"8.6 out of 10 Excellent (1,446 reviews)"
The Renwick,"8.6 out of 10 Excellent (1,002 reviews)"
Four Points by Sheraton Manhattan SoHo Village,"8.2 out of 10 Very Good (1,002 reviews)"
Mondrian Park Avenue,"7.4 out of 10 Good (1,002 reviews)"
Hyatt Centric Midtown 5th Avenue New York,8.6 out of 10 Excellent (429 reviews)
"Hotel Indigo Lower East Side New York, an IHG Hotel","8.0 out of 10 Very Good (1,007 reviews)"
"Hotel 50 Bowery, part of JdV by Hyatt","9.0 out of 10 Wonderful (1,000 reviews)"
M Social Hotel Times Square New York,"8.8 out of 10 Excellent (3,084 reviews)"
Springhill Suites by Marriott Carle Place Garden City,"8.6 out of 10 Excellent (1,002 reviews)"
The James New York - NoMad,"8.4 out of 10 Very Good (1,000 reviews)"
Canopy by Hilton Jersey City Arts District,9.0 out of 10 Wonderful (425 reviews)
"The Jewel, a Club Quarters Hotel, Opposite Rockefeller Center","9.2 out of 10 Wonderful (1,350 reviews)"
Sheraton Lincoln Harbor Hotel,"8.4 out of 10 Very Good (1,371 reviews)"
The Bryant Park Hotel,"9.0 out of 10 Wonderful (1,001 reviews)"
City Club Hotel,"7.6 out of 10 Good (1,123 reviews)"
"Holiday Inn Express Manhattan Times Square South, an IHG Hotel","8.0 out of 10 Very Good (1,001 reviews)"
Hotel 369 Brooklyn,6.2 out of 10 (151 reviews)
Executive Class at MTS Hotel,7.0 out of 10 Good (293 reviews)
Hyatt Place New York Midtown South,"8.6 out of 10 Excellent (1,000 reviews)"
Courtyard by Marriott New York Manhattan/Midtown West,9.0 out of 10 Wonderful (759 reviews)
The Marlton Hotel,"9.0 out of 10 Wonderful (1,000 reviews)"
"Holiday Inn Brooklyn Downtown, an IHG Hotel","7.0 out of 10 Good (1,001 reviews)"
Sonesta White Plains Downtown,"8.4 out of 10 Very Good (1,005 reviews)"
"voco Times Square South, an IHG Hotel",8.4 out of 10 Very Good (563 reviews)
AC Hotel by Marriott New York Downtown,9.0 out of 10 Wonderful (983 reviews)
Heritage Hotel,"7.6 out of 10 Good (1,001 reviews)"
citizenM New York Bowery,"9.2 out of 10 Wonderful (1,311 reviews)"
Ace Hotel New York,"8.2 out of 10 Very Good (1,002 reviews)"
Wyndham Garden Chinatown,7.8 out of 10 Good (998 reviews)
Park Central Hotel New York,"8.0 out of 10 Very Good (2,064 reviews)"
Hotel Edison Times Square,"7.8 out of 10 Good (2,889 reviews)"
SpringHill Suites by Marriott New York Midtown Manhattan,8.8 out of 10 Excellent (994 reviews)
Fairfield Inn & Suites New York Manhattan/Times Square South,"8.4 out of 10 Very Good (1,041 reviews)"
New York LaGuardia Airport Marriott,"8.4 out of 10 Very Good (1,002 reviews)"
Sheraton Brooklyn New York Hotel,"7.4 out of 10 Good (1,001 reviews)"
SpringHill Suites by Marriott New York JFK Airport/Jamaica,8.6 out of 10 Excellent (328 reviews)
Fairfield Inn by Marriott New York LaGuardia Airport/Astoria,"8.4 out of 10 Very Good (1,001 reviews)"
Omni Berkshire Place,"9.0 out of 10 Wonderful (1,003 reviews)"
RIU Plaza Manhattan Times Square,"8.8 out of 10 Excellent (2,179 reviews)"
Artezen Hotel,"9.4 out of 10 Exceptional (1,423 reviews)"
Redford Hotel,6.8 out of 10 (165 reviews)
Hilton Garden Inn New York/Manhattan-Chelsea,"8.4 out of 10 Very Good (1,089 reviews)"
Courtyard by Marriott New York Manhattan / Central Park,8.6 out of 10 Excellent (999 reviews)
The Westin New York at Times Square,"8.6 out of 10 Excellent (2,431 reviews)"
Hotel On Rivington,8.2 out of 10 Very Good (999 reviews)
Sonder The Dutch,8.2 out of 10 Very Good (14 reviews)
citizenM New York Times Square,"9.0 out of 10 Wonderful (1,260 reviews)"
Truss Hotel Times Square ,8.0 out of 10 Very Good (705 reviews)
Hotel St. James,"8.4 out of 10 Very Good (2,027 reviews)"
Hilton New York Times Square,"8.4 out of 10 Very Good (1,010 reviews)"
"Hotel Indigo Flushing, an IHG Hotel",8.4 out of 10 Very Good (172 reviews)
Ramada by Wyndham Bronx,7.8 out of 10 Good (531 reviews)
Hilton Garden Inn New York Times Square South,"8.6 out of 10 Excellent (1,005 reviews)"
HYATT house White Plains,"8.2 out of 10 Very Good (1,001 reviews)"
Fairfield Inn & Suites New York Queens/Fresh Meadows,8.2 out of 10 Very Good (358 reviews)
Hampton Inn Manhattan-Chelsea,8.4 out of 10 Very Good (998 reviews)
Courtyard New York Manhattan/ Midtown East,"8.6 out of 10 Excellent (1,397 reviews)"
The Shoreham Hotel,"7.8 out of 10 Good (1,000 reviews)"
Fairfield Inn & Suites by Marriott New York ManhattanChelsea,"8.2 out of 10 Very Good (1,002 reviews)"
SpringHill Suites by Marriott New York Manhattan/Times Square South,"8.2 out of 10 Very Good (1,056 reviews)"
Residence Inn by Marriott New York Manhattan/Midtown East,9.0 out of 10 Wonderful (999 reviews)
The Iroquois New York,"9.0 out of 10 Wonderful (1,005 reviews)"
Pod Brooklyn,"8.8 out of 10 Excellent (1,004 reviews)"
Aloft New York Brooklyn,"7.4 out of 10 Good (1,000 reviews)"
Kixby,"8.8 out of 10 Excellent (1,001 reviews)"
The Nolitan,8.8 out of 10 Excellent (823 reviews)
Peachtree Suites,8.4 out of 10 Very Good (58 reviews)
Hyatt Centric Times Square New York,"9.0 out of 10 Wonderful (1,005 reviews)"
Renaissance New York Times Square Hotel,"9.0 out of 10 Wonderful (1,005 reviews)"
New York Marriott Downtown,"8.8 out of 10 Excellent (1,001 reviews)"
Fairfield Inn by Marriott New York Manhattan/Times Square,"7.8 out of 10 Good (1,001 reviews)"
TRYP by Wyndham New York City Times Square / Midtown,"6.6 out of 10 (1,214 reviews)"
Midtown Convention Center Hotel,6.2 out of 10 (990 reviews)
"Holiday Inn Manhattan 6th Ave - Chelsea, an IHG Hotel","7.2 out of 10 Good (1,005 reviews)"
Residence Inn By Marriott New Rochelle,8.4 out of 10 Very Good (627 reviews)
Hyatt House Jersey City,"8.4 out of 10 Very Good (1,015 reviews)"
NH Collection New York Madison Avenue,8.4 out of 10 Very Good (345 reviews)
The Sohotel,8.4 out of 10 Very Good (999 reviews)
"EVEN Hotel Brooklyn, an IHG Hotel","8.0 out of 10 Very Good (1,001 reviews)"
New York Marriott at the Brooklyn Bridge,"8.4 out of 10 Very Good (1,000 reviews)"
The Maritime Hotel,"9.4 out of 10 Exceptional (1,001 reviews)"
Hilton Garden Inn New York Times Square North,"8.6 out of 10 Excellent (1,042 reviews)"
John Hotel,"8.2 out of 10 Very Good (1,002 reviews)"
Made Hotel,9.2 out of 10 Wonderful (213 reviews)
"Holiday Inn New York City - Times Square, an IHG Hotel","7.8 out of 10 Good (1,246 reviews)"
CIVILIAN Hotel,9.2 out of 10 Wonderful (891 reviews)
SIXTY Lower East Side,"7.2 out of 10 Good (1,000 reviews)"
"InterContinental New York Times Square, an IHG Hotel","8.2 out of 10 Very Good (1,068 reviews)"
Courtyard by Marriott New York Manhattan/SoHo,8.8 out of 10 Excellent (822 reviews)
TownePlace Suites by Marriott New York Manhattan,8.6 out of 10 Excellent (764 reviews)
Concorde Hotel New York,"9.0 out of 10 Wonderful (1,001 reviews)"
The Michelangelo Hotel,"8.8 out of 10 Excellent (1,006 reviews)"
EVEN Hotel New York - Times Square South,"9.0 out of 10 Wonderful (1,002 reviews)"
"Crowne Plaza HY36 Midtown Manhattan, an IHG Hotel","9.0 out of 10 Wonderful (1,093 reviews)"
Courtyard New York Manhattan/Times Square West,"8.8 out of 10 Excellent (1,007 reviews)"
"Viana Hotel and Spa, Trademark Collection by Wyndham","8.4 out of 10 Very Good (1,001 reviews)"
Ramada by Wyndham Flushing Queens,"7.4 out of 10 Good (1,001 reviews)"
Dylan Hotel NYC,"7.8 out of 10 Good (1,001 reviews)"
6 Columbus Central Park Hotel,7.4 out of 10 Good (999 reviews)
Hampton Inn Manhattan Grand Central,"8.2 out of 10 Very Good (1,001 reviews)"
Moxy Brooklyn Willamsburg,8.6 out of 10 Excellent (51 reviews)
Iberostar 70 Park Avenue,"8.8 out of 10 Excellent (1,002 reviews)"
Residence Inn New York Manhattan/Central Park,8.8 out of 10 Excellent (989 reviews)
Best Western Premier Empire State Hotel,8.8 out of 10 Excellent (379 reviews)
Sanctuary Hotel New York,"8.4 out of 10 Very Good (1,001 reviews)"
SpringHill Suites by Marriott New York Midtown Manhattan/Park Avenue,8.8 out of 10 Excellent (99 reviews)
Merrion Row Hotel and Public House,9.4 out of 10 Exceptional (391 reviews)
New York Marriott Marquis,"9.0 out of 10 Wonderful (1,689 reviews)"
"Le Meridien New York, Central Park by Marriott","7.8 out of 10 Good (1,001 reviews)"
Hyatt Place New York/Chelsea,8.2 out of 10 Very Good (618 reviews)
"The MC, Autograph Collection",8.6 out of 10 Excellent (289 reviews)
Fairfield Inn by Marriott LaGuardia Airport/Flushing,"8.2 out of 10 Very Good (1,001 reviews)"
The Westin Jersey City Newport,8.8 out of 10 Excellent (999 reviews)
W New York - Times Square,"8.4 out of 10 Very Good (1,003 reviews)"
Moxy NYC East Village,8.8 out of 10 Excellent (944 reviews)
Cambria Hotel New York - Chelsea,"8.6 out of 10 Excellent (1,004 reviews)"
Citadines Connect Fifth Avenue New York,"8.0 out of 10 Very Good (1,004 reviews)"
Refinery Hotel,"8.8 out of 10 Excellent (1,002 reviews)"
Virgin Hotels New York City,8.4 out of 10 Very Good (109 reviews)
Comfort Inn Prospect Park - Brooklyn,8.2 out of 10 Very Good (536 reviews)
Hampton Inn Manhattan/Times Square Central,"8.6 out of 10 Excellent (1,447 reviews)"
The Marmara Park Avenue,8.6 out of 10 Excellent (847 reviews)
The Belvedere Hotel,"8.6 out of 10 Excellent (2,424 reviews)"
"Envue, Autograph Collection",8.8 out of 10 Excellent (896 reviews)
Placemakr Wall Street,9.0 out of 10 Wonderful (173 reviews)
King Room in Brooklyn,4.2 out of 10 (9 reviews)
Doubletree by Hilton New York Times Square South,"8.4 out of 10 Very Good (2,402 reviews)"
The Garden City Hotel,"8.8 out of 10 Excellent (1,001 reviews)"
Penny Williamsburg,9.4 out of 10 Exceptional (164 reviews)
Fairfield Inn & Suites by Marriott New York Brooklyn,8.4 out of 10 Very Good (999 reviews)
The Gotham Hotel,"8.4 out of 10 Very Good (1,000 reviews)"
Best Western Plus Hospitality House,8.8 out of 10 Excellent (996 reviews)
Best Western Gregory Hotel,7.8 out of 10 Good (999 reviews)
Arlo Midtown,"9.2 out of 10 Wonderful (3,580 reviews)"
Hampton Inn & Suites Rockville Centre,8.8 out of 10 Excellent (802 reviews)
Hotel Hayden,7.8 out of 10 Good (993 reviews)
INNSiDE by Meli√° New York Nomad,"9.0 out of 10 Wonderful (1,516 reviews)"
Hampton Inn Brooklyn/Downtown,"8.8 out of 10 Excellent (1,002 reviews)"
Kasa Lantern Lower East Side,8.6 out of 10 Excellent (15 reviews)
Courtyard by Marriott Tarrytown Westchester County,"8.8 out of 10 Excellent (1,000 reviews)"
Moxy NYC Chelsea,"8.6 out of 10 Excellent (1,000 reviews)"
Fairfield Inn & Suites New York Manhattan / Central Park,8.4 out of 10 Very Good (996 reviews)
San Carlos Hotel,"9.2 out of 10 Wonderful (1,005 reviews)"
Wingate by Wyndham New York Midtown South/5th Ave,"8.2 out of 10 Very Good (1,000 reviews)"
AC Hotel by Marriott New York Times Square,"8.8 out of 10 Excellent (1,002 reviews)"
NoMo SoHo,"8.0 out of 10 Very Good (1,002 reviews)"
Hard Rock Hotel New York,9.4 out of 10 Exceptional (955 reviews)
Washington Square Hotel,9.0 out of 10 Wonderful (998 reviews)
Fairfield Inn & Suites New York Midtown Manhattan/Penn Station,"8.6 out of 10 Excellent (1,292 reviews)"
Four Points By Sheraton Manhattan Midtown West,"8.6 out of 10 Excellent (1,004 reviews)"
Hotel 32 32,"8.0 out of 10 Very Good (1,411 reviews)"
Hyatt Union Square New York,8.8 out of 10 Excellent (999 reviews)
Hotel Riu Plaza New York Times Square,"8.8 out of 10 Excellent (3,298 reviews)"
Hyatt Regency JFK Airport at Resorts World New York,8.4 out of 10 Very Good (280 reviews)
CODA Williamsburg,7.4 out of 10 Good (84 reviews)
Sonder Duane Street,8.4 out of 10 Very Good (703 reviews)
Aloft Harlem,"8.4 out of 10 Very Good (1,000 reviews)"
NobleDEN Hotel,"9.4 out of 10 Exceptional (1,001 reviews)"
Empire Hotel,"7.4 out of 10 Good (1,624 reviews)"
"Marriott Vacation Club Pulse, New York City",8.8 out of 10 Excellent (993 reviews)
Hyatt Place New York City/Times Square,"7.8 out of 10 Good (1,213 reviews)"
The MUSE New York,"9.0 out of 10 Wonderful (1,001 reviews)"
Walker Hotel Greenwich Village,8.6 out of 10 Excellent (713 reviews)
Arlo SoHo,"8.2 out of 10 Very Good (1,378 reviews)"
The Standard East Village,"8.8 out of 10 Excellent (1,001 reviews)"
W New York - Union Square,8.6 out of 10 Excellent (970 reviews)
Hyatt House New York/Chelsea,8.6 out of 10 Excellent (787 reviews)
Hyatt Regency Jersey City on the Hudson,"8.4 out of 10 Very Good (1,000 reviews)"
The Hilton Club - New York,8.6 out of 10 Excellent (221 reviews)
Hotel Hugo,8.0 out of 10 Very Good (997 reviews)
Sofitel New York,"8.8 out of 10 Excellent (1,001 reviews)"
11 Howard,8.2 out of 10 Very Good (694 reviews)
"The Beekman, A Thompson Hotel",9.2 out of 10 Wonderful (856 reviews)
The Pearl New York,"9.2 out of 10 Wonderful (1,007 reviews)"
Roxy Hotel New York,"9.0 out of 10 Wonderful (1,001 reviews)"
The Gardens Sonesta ES Suites New York,8.6 out of 10 Excellent (998 reviews)
Royalton Park Avenue,8.2 out of 10 Very Good (999 reviews)
Soho Grand Hotel,"8.8 out of 10 Excellent (1,003 reviews)"
Park Lane New York,8.6 out of 10 Excellent (390 reviews)
Hotel Elysee by Library Hotel Collection,9.2 out of 10 Wonderful (998 reviews)
Hotel Giraffe by Library Hotel Collection,"9.6 out of 10 Exceptional (1,000 reviews)"
"InterContinental New York Barclay, an IHG Hotel","8.6 out of 10 Excellent (1,000 reviews)"
Hotel Belleclaire,"8.6 out of 10 Excellent (1,005 reviews)"
HI New York City,8.4 out of 10 Very Good (985 reviews)
Hilton Club The Central at 5th New York,9.2 out of 10 Wonderful (170 reviews)
The Knickerbocker Hotel,"8.8 out of 10 Excellent (1,001 reviews)"
ModernHaus SoHo,8.6 out of 10 Excellent (997 reviews)
"PUBLIC, an Ian Schrager hotel","8.0 out of 10 Very Good (1,590 reviews)"
Arthouse Hotel New York City,"8.2 out of 10 Very Good (1,059 reviews)"
Courtyard by Marriott New York Manhattan/Upper East Side,"8.0 out of 10 Very Good (1,112 reviews)"
Smyth Tribeca,8.8 out of 10 Excellent (633 reviews)
Library Hotel by Library Hotel Collection,9.6 out of 10 Exceptional (966 reviews)
The Hotel Chelsea,9.8 out of 10 Exceptional (202 reviews)
The Lucerne Hotel,"9.0 out of 10 Wonderful (1,005 reviews)"
Gansevoort Meatpacking,"8.6 out of 10 Excellent (1,002 reviews)"
The Standard High Line,8.4 out of 10 Very Good (861 reviews)
Courtyard by Marriott New York Manhattan / Chelsea,"9.0 out of 10 Wonderful (1,000 reviews)"
Hyatt Herald Square New York,8.2 out of 10 Very Good (999 reviews)
Hotel and the City-Midtown,8.2 out of 10 Very Good (67 reviews)
The Kimberly Hotel,"9.4 out of 10 Exceptional (1,001 reviews)"
The Kitano Hotel New York,"9.0 out of 10 Wonderful (1,003 reviews)"
Carnegie Hotel,"9.2 out of 10 Wonderful (1,001 reviews)"
The Ludlow Hotel,9.4 out of 10 Exceptional (931 reviews)
The Times Square EDITION,9.0 out of 10 Wonderful (631 reviews)
The Ned NoMad,7.8 out of 10 Good (9 reviews)
Hotel Beacon,"9.2 out of 10 Wonderful (1,004 reviews)"
SIXTY SoHo,9.0 out of 10 Wonderful (658 reviews)
The Wallace,9.6 out of 10 Exceptional (496 reviews)
1 Hotel Central Park,"9.0 out of 10 Wonderful (1,000 reviews)"
Hilton Club The Quin New York,"8.6 out of 10 Excellent (1,000 reviews)"
33 Seaport Hotel New York,8.8 out of 10 Excellent (315 reviews)
Superior King,10.0 out of 10 Exceptional (1 review)
Collective Governors Island,8.6 out of 10 Excellent (27 reviews)
Renaissance New York Midtown Hotel,"9.2 out of 10 Wonderful (1,001 reviews)"
JW Marriott Essex House New York,"8.6 out of 10 Excellent (1,002 reviews)"
Conrad New York Midtown,8.4 out of 10 Very Good (999 reviews)
Thompson Central Park - New York,9.0 out of 10 Wonderful (150 reviews)
The Wall Street Hotel,9.6 out of 10 Exceptional (112 reviews)
The Broome Nyc,9.4 out of 10 Exceptional (231 reviews)
Sonder Chambers,8.8 out of 10 Excellent (735 reviews)
The Bowery Hotel,9.2 out of 10 Wonderful (354 reviews)
Hotel AKA NoMad,8.6 out of 10 Excellent (991 reviews)
The New York EDITION,9.0 out of 10 Wonderful (382 reviews)
Loews Regency New York Hotel,8.8 out of 10 Excellent (999 reviews)
Andaz 5th Avenue - a concept by Hyatt,9.2 out of 10 Wonderful (998 reviews)
Deluxe Double Queen with Balcony,10.0 out of 10 Exceptional (1 review)
Lotte New York Palace,"8.8 out of 10 Excellent (1,001 reviews)"
Nine Orchard,9.6 out of 10 Exceptional (4 reviews)
Top Notch 2BR & 2BA Suite Minutes From Central Park in Upper East Side,8.6 out of 10 Excellent (4 reviews)
The Dominick,"9.0 out of 10 Wonderful (1,000 reviews)"
"The Chatwal, In The Unbound Collection By Hyatt",9.4 out of 10 Exceptional (461 reviews)
"The Langham, New York, Fifth Avenue","9.4 out of 10 Exceptional (1,002 reviews)"
Trump International Hotel & Tower New York,"9.2 out of 10 Wonderful (1,000 reviews)"
Pendry Manhattan West,9.8 out of 10 Exceptional (131 reviews)
Equinox Hotel New York,9.0 out of 10 Wonderful (331 reviews)
The Sherry Netherland,9.6 out of 10 Exceptional (511 reviews)
Luxury Junior Suite x Balcony and NYC view in the heart of Downtown Manhattan,4.0 out of 10 (1 review)
The Mercer,9.4 out of 10 Exceptional (38 reviews)
Conrad New York Downtown,9.4 out of 10 Exceptional (999 reviews)
Hotel Scherman,9.2 out of 10 Wonderful (392 reviews)
The Peninsula New York,9.4 out of 10 Exceptional (998 reviews)
The St. Regis New York,9.2 out of 10 Wonderful (151 reviews)
Four Seasons Hotel New York Downtown,9.6 out of 10 Exceptional (304 reviews)
The Towers at Lotte New York Palace,9.2 out of 10 Wonderful (463 reviews)
"The Pierre, A Taj Hotel, New York",9.2 out of 10 Wonderful (987 reviews)
The Plaza Hotel,"8.8 out of 10 Excellent (1,000 reviews)"
"The Carlyle, A Rosewood Hotel",9.2 out of 10 Wonderful (599 reviews)
Park Hyatt New York,9.0 out of 10 Wonderful (233 reviews)
Hotel Barriere Fouquets New York,10.0 out of 10 Exceptional (5 reviews)
"Mandarin Oriental, New York",9.0 out of 10 Wonderful (407 reviews)
"The Ritz-Carlton New York, NoMad",6.6 out of 10 (3 reviews)
"The Ritz-Carlton New York, Central Park",9.0 out of 10 Wonderful (379 reviews)
Casa Cipriani New York,9.6 out of 10 Exceptional (23 reviews)
The Mark,9.6 out of 10 Exceptional (606 reviews)
Baccarat Hotel and Residences New York,9.2 out of 10 Wonderful (310 reviews)
5th & 55th Residence Club,7.4 out of 10 Good (3 reviews)
The Lowell,9.6 out of 10 Exceptional (161 reviews)
Chelsea Hotel Room King Bed,9.8 out of 10 Exceptional (10 reviews)
Bowery Grand Hotel,4.2 out of 10 (994 reviews)
Kama Central Park Hostel,8.0 out of 10 Very Good (24 reviews)
Nap York Central Park Sleep Station,8.0 out of 10 Very Good (43 reviews)
Canal Loft Hotel,7.2 out of 10 Good (665 reviews)
Hilton Club West 57th Street New York,9.2 out of 10 Wonderful (239 reviews)
The Wagner,9.0 out of 10 Wonderful (685 reviews)
Night Hotel by SB at Times Square,7.6 out of 10 Good (996 reviews)
Marrakech New York,6.4 out of 10 (995 reviews)
Riff Hotel Chelsea,5.6 out of 10 (579 reviews)
Candy Hostel,5.8 out of 10 (389 reviews)
The Surrey,9.0 out of 10 Wonderful (993 reviews)
Excelsior Hotel,"8.6 out of 10 Excellent (1,001 reviews)"
Best Western Bowery Hanbee Hotel,8.4 out of 10 Very Good (992 reviews)
Royal Park,5.8 out of 10 (801 reviews)
AKA Wall Street,9.4 out of 10 Exceptional (400 reviews)
New World Hotel,3.6 out of 10 (984 reviews)
Pestana CR7 Times Square,9.2 out of 10 Wonderful (5 reviews)
Nyma The New York Manhattan Hotel,"7.2 out of 10 Good (1,000 reviews)"
The Local,8.6 out of 10 Excellent (647 reviews)
Turkey Hill Inn,9.0 out of 10 Wonderful (276 reviews)
La Quinta Inn & Suites by Wyndham Secaucus Meadowlands,"7.0 out of 10 Good (1,005 reviews)"
Relax and rejuvenate in this Hideaway Apartment close to public transportation .,10.0 out of 10 Exceptional (11 reviews)
Modern & cozy 1-bed attic apt close to NYC,10.0 out of 10 Exceptional (2 reviews)
