entertainment,city,address1,address2
Ronald O. Perelman Performing Arts Center,New York,Ronald O. Perelman Performing Arts Center,"58 Church Street, New York, NY 10048, United States of America"
81 Leonard Gallery,New York,81 Leonard Gallery,"Leonard Street, New York, NY 10013, United States of America"
9/11 Memorial & Museum,New York,9/11 Memorial & Museum,"180 Greenwich Street, New York, NY 10007, United States of America"
Mmuseumm,New York,Mmuseumm,"4 Cortlandt Alley, New York, NY 10013, United States of America"
The Print Room,New York,The Print Room,"89 Franklin Street, New York, NY 10013, United States of America"
Access Theater,New York,Access Theater,"380 Broadway, New York, NY 10013, United States of America"
Andrew Kreps Gallery,New York,Andrew Kreps Gallery,"22 Cortlandt Alley, New York, NY 10013, United States of America"
David Lewis Gallery,New York,David Lewis Gallery,"57 Walker Street, New York, NY 10013, United States of America"
South Street Seaport Museum,New York,South Street Seaport Museum,"12 Fulton Street, New York, NY 10038, United States of America"
Alexander and Bonin,New York,Alexander and Bonin,"47 Walker Street, New York, NY 10013, United States of America"
Imagination Playground,New York,Imagination Playground,"John Street, New York, NY 10038, United States of America"
iPic Theaters,New York,iPic Theaters,"11 Fulton Street, New York, NY 10038, United States of America"
Roxy Cinema New York,New York,Roxy Cinema New York,"2 6th Avenue, New York, NY 10013, United States of America"
Museum of American Finance,New York,Museum of American Finance,"48 Wall Street, New York, NY 10005, United States of America"
Regal Battery Park,New York,Regal Battery Park,"102 North End Avenue, New York, NY 10282, United States of America"
SLEEPCENTER,New York,SLEEPCENTER,"9 Monroe Street, New York, NY 10002, United States of America"
9/11 Tribute Museum,New York,9/11 Tribute Museum,"92 Greenwich Street, New York, NY 10006, United States of America"
186f Kepler,New York,186f Kepler,"171 Canal Street, New York, NY 10013, United States of America"
Guild Gallery,New York,Guild Gallery,"321 Canal Street, New York, NY 10013, United States of America"
OS NYC,New York,OS NYC,"50 Bowery, New York, NY 10013, United States of America"
No Evil Eye,New York,No Evil Eye,"327 Canal Street, New York, NY 10013, United States of America"
Essex Flowers Gallery,New York,Essex Flowers Gallery,"19 Monroe Street, New York, NY 10002, United States of America"
Martos Gallery,New York,Martos Gallery,"41 Elizabeth Street, New York, NY 10013, United States of America"
Museum of Chinese in America,New York,Museum of Chinese in America,"215 Centre Street, New York, NY 10013, United States of America"
Pier 25 Play Area,New York,Pier 25 Play Area,"Hudson River Park Esplanade, New York, NY 10282, United States of America"
Italian American Museum,New York,Italian American Museum,"155 Mulberry Street, New York, NY 10012, United States of America"
Leslie-Lohman Museum of Art,New York,Leslie-Lohman Museum of Art,"26 Wooster Street, New York, NY 10013, United States of America"
Pier 25—Miniature Golf,New York,Pier 25—Miniature Golf,"Hudson River Park Esplanade, New York, NY 10282, United States of America"
Museum at Eldridge Street,New York,Museum at Eldridge Street,"12 Eldridge Street, New York, NY 10002, United States of America"
Fraunces Tavern Museum,New York,Fraunces Tavern Museum,"54 Pearl Street, New York, NY 10004, United States of America"
Jackie Robinson Museum,New York,Jackie Robinson Museum,"75 Varick Street, New York, NY 10013, United States of America"
Eden Gallery,New York,Eden Gallery,"470 Broome Street, New York, NY 10012, United States of America"
National Museum of the American Indian,New York,National Museum of the American Indian,"Bridge Street, New York, NY 10004, United States of America"
N/A,New York,92 Laight Street,"New York, NY 10005, United States of America"
Chinatown Soup,New York,Chinatown Soup,"16B Orchard Street, New York, NY 10002, United States of America"
FIERMAN,New York,FIERMAN,"127 Henry Street, New York, NY 10002, United States of America"
Skyscraper Museum,New York,Skyscraper Museum,"39 Battery Place, New York, NY 10280, United States of America"
Museum of Jewish Heritage,New York,Museum of Jewish Heritage,"1st Place, New York, NY 10280, United States of America"
Vacation,New York,Vacation,"24 Orchard Street, New York, NY 10002, United States of America"
Miguel Abreu Gallery,New York,Miguel Abreu Gallery,"36 Orchard Street, New York, NY 10002, United States of America"
The Broken Kilometer (DIA),New York,The Broken Kilometer (DIA),"393 West Broadway, New York, NY 10012, United States of America"
SFA Gallery,New York,SFA Gallery,"131 Chrystie Street, New York, NY 10002, United States of America"
Judd Foundation,New York,Judd Foundation,"101 Spring Street, New York, NY 10012, United States of America"
Derek Eller Gallery,New York,Derek Eller Gallery,"300 Broome Street, New York, NY 10002, United States of America"
100 Gates Project,New York,100 Gates Project,"54 Orchard Street, New York, NY 10002, United States of America"
Captain Jacob Joseph Playground,New York,Captain Jacob Joseph Playground,"Henry Street, New York, NY 10002, United States of America"
Reena Spauldings Fine Art,New York,Reena Spauldings Fine Art,"165 East Broadway, New York, NY 10002, United States of America"
Dahesh Museum of Art,New York,Dahesh Museum of Art,"Dominick Street, New York, NY 10005, United States of America"
Pop International Galleries,New York,Pop International Galleries,"195 Bowery, New York, NY 10002, United States of America"
Bargemusic,New York,Bargemusic,"Brooklyn Bridge Park Greenway, New York, NY 11201, United States of America"
Woodward Gallery,New York,Woodward Gallery,"132A Eldridge Street, New York, NY 10002, United States of America"
Dixon Place,New York,Dixon Place,"161A Chrystie Street, New York, NY 10002, United States of America"
Museum of Ice Cream,New York,Museum of Ice Cream,"Broadway, New York, NY 10003, United States of America"
New York City Fire Museum,New York,New York City Fire Museum,"278 Spring Street, New York, NY 10013, United States of America"
Arsenal Contemporary Art,New York,Arsenal Contemporary Art,"214 Bowery, New York, NY 10012, United States of America"
James Fuentes LLC,New York,James Fuentes LLC,"55 Delancey Street, New York, NY 10002, United States of America"
Magenta Plains,New York,Magenta Plains,"94 Allen Street, New York, NY 10002, United States of America"
St. Ann's Warehouse,New York,St. Ann's Warehouse,"45 Water Street, New York, NY 11201, United States of America"
Lower East Side Tenement Museum,New York,Lower East Side Tenement Museum,"103 Orchard Street, New York, NY 10002, United States of America"
New Museum,New York,New Museum,"235 Bowery, New York, NY 10002, United States of America"
Museum of African Art,New York,Museum of African Art,"Mercer Street, New York, NY 10012, United States of America"
Lazy Susan Gallery,New York,Lazy Susan Gallery,"191 Henry Street, New York, NY 10002, United States of America"
The Gutter - Lower East Side,New York,The Gutter - Lower East Side,"79 Essex Street, New York, NY 10002, United States of America"
Brooklyn Historical Society,New York,Brooklyn Historical Society,"55 Water Street, New York, NY 11201, United States of America"
bitforms gallery,New York,bitforms gallery,"131 Allen Street, New York, NY 10002, United States of America"
ICP International Center of Photography Museum,New York,ICP International Center of Photography Museum,"Bowery, New York, NY 10012, United States of America"
Pomegranate Gallery,New York,Pomegranate Gallery,"137 Greene Street, New York, NY 10012, United States of America"
The Greene Space at WNYC/WQXR,New York,The Greene Space at WNYC/WQXR,"44 Charlton Street, New York, NY 10012, United States of America"
International Center of Photography,New York,International Center of Photography,"79 Essex Street, New York, NY 10002, United States of America"
Westwood Gallery,New York,Westwood Gallery,"261 Bowery, New York, NY 10012, United States of America"
The New York Foundation,New York,The New York Foundation,"137 Thompson Street, New York, NY 10012, United States of America"
Perrotin New York,New York,Perrotin New York,"130 Orchard Street, New York, NY 10002, United States of America"
Sperone Westwater,New York,Sperone Westwater,"257 Bowery, New York, NY 10002, United States of America"
Angelika Film Center,New York,Angelika Film Center,"Mercer Street, New York, NY 10012, United States of America"
Klompching Gallery,New York,Klompching Gallery,"89 Water Street, New York, NY 11201, United States of America"
Regal Essex 14 & RPX,New York,Regal Essex 14 & RPX,"129 Delancey Street, New York, NY 10002, United States of America"
Con Artist Collective,New York,Con Artist Collective,"119 Ludlow Street, New York, NY 10002, United States of America"
Children's Museum of the Arts,New York,Children's Museum of the Arts,"103 Charlton Street, New York, NY 10014, United States of America"
Janet Borden,New York,Janet Borden,"91 Water Street, New York, NY 11201, United States of America"
Empirical Nonsense,New York,Empirical Nonsense,"87 Rivington Street, New York, NY 10002, United States of America"
Powers Lowenfels Gallery,New York,Powers Lowenfels Gallery,"53 Stanton Street, New York, NY 10002, United States of America"
Krause Gallery,New York,Krause Gallery,"149 Allen Street, New York, NY 10002, United States of America"
Environmental Education Center,New York,Environmental Education Center,"19 Washington Street, New York, NY 11201, United States of America"
The Cliffs at DUMBO,New York,The Cliffs at DUMBO,"99 Plymouth Street, New York, NY 11201, United States of America"
Film Forum,New York,Film Forum,"209 West Houston Street, New York, NY 10014, United States of America"
The Slipper Room,New York,The Slipper Room,"167 Stanton Street, New York, NY 10002, United States of America"
Duane Park,New York,Duane Park,"308 Bowery, New York, NY 10012, United States of America"
Bowery Poetry,New York,Bowery Poetry,"308 Bowery, New York, NY 10012, United States of America"
SubCulture,New York,SubCulture,"45 Bleecker Street, New York, NY 10012, United States of America"
Sheen Center,New York,Sheen Center,"18 Bleecker Street, New York, NY 10012, United States of America"
The Hole,New York,The Hole,"312 Bowery, New York, NY 10012, United States of America"
Zürcher Studio,New York,Zürcher Studio,"33 Bleecker Street, New York, NY 10012, United States of America"
Spark Brooklyn Children's Museum Annex,New York,Spark Brooklyn Children's Museum Annex,"1 John Street, New York, NY 11201, United States of America"
Le Poisson Rouge,New York,Le Poisson Rouge,"158 Bleecker Street, New York, NY 10012, United States of America"
Amanita,New York,Amanita,"313 Bowery, New York, NY 10003, United States of America"
Rockwood Music Hall,New York,Rockwood Music Hall,"196 Allen Street, New York, NY 10002, United States of America"
The Renee and Chaim Gross Foundation,New York,The Renee and Chaim Gross Foundation,"526 LaGuardia Place, New York, NY 10012, United States of America"
The River Project Wetlab,New York,The River Project Wetlab,"Holland Tunnel, New York, NY 10005, United States of America"
Center for Architecture,New York,Center for Architecture,"546 LaGuardia Place, New York, NY 10012, United States of America"
Anthology Film Archives,New York,Anthology Film Archives,"32 2nd Avenue, New York, NY 10035, United States of America"
Triangle Arts Association,New York,Triangle Arts Association,"20 Jay Street, New York, NY 11201, United States of America"
Henry Street Playhouse,New York,Henry Street Playhouse,"466 Grand Street, New York, NY 10002, United States of America"
Downing Street Playground,New York,Downing Street Playground,"Downing Street, New York, NY 10014, United States of America"
Abrons Arts Center,New York,Abrons Arts Center,"466 Grand Street, New York, NY 10002, United States of America"
La MaMa Galleria,New York,La MaMa Galleria,"47 Great Jones Street, New York, NY 10012, United States of America"
Eric Firestone Gallery,New York,Eric Firestone Gallery,"40 Great Jones Street, New York, NY 10012, United States of America"
Angel Orensanz Foundation,New York,Angel Orensanz Foundation,"172 Norfolk Street, New York, NY 10002, United States of America"
Fortnight Institute,New York,Fortnight Institute,"21 East 3rd Street, New York, NY 10003, United States of America"
Morgan Presents,New York,Morgan Presents,"155 Suffolk Street, New York, NY 10002, United States of America"
Space 776,New York,Space 776,"37 Clinton Street, New York, NY 10002, United States of America"
Minetta Lane Theatre,New York,Minetta Lane Theatre,"6th Avenue, New York, NY 10014, United States of America"
Undercurrent,New York,Undercurrent,"70 John Street, New York, NY 11201, United States of America"
Comedy Cellar,New York,Comedy Cellar,"117 Minetta Lane, New York, NY 10012, United States of America"
trotter&sholer,New York,trotter&sholer,"168 Suffolk Street, New York, NY 10002, United States of America"
Spencer Brownstone Gallery,New York,Spencer Brownstone Gallery,"170-A Suffolk Street, New York, NY 10002, United States of America"
Rachel Uffner,New York,Rachel Uffner,"170 Suffolk Street, New York, NY 10002, United States of America"
La MaMa,New York,La MaMa,"66 East 4th Street, New York, NY 10003, United States of America"
Minetta Playground,New York,Minetta Playground,"6th Avenue, New York, NY 10014, United States of America"
Merchant's House Museum,New York,Merchant's House Museum,"29 East 4th Street, New York, NY 10003, United States of America"
Loop of the Loom,New York,Loop of the Loom,"197 Plymouth Street, New York, NY 11201, United States of America"
Skirball Center for the Performing Arts,New York,Skirball Center for the Performing Arts,"566 LaGuardia Place, New York, NY 10012, United States of America"
Caveat,New York,Caveat,"21 Clinton Street, New York, NY 10002, United States of America"
The 4th Street Photo Gallery,New York,The 4th Street Photo Gallery,"67 East 4th Street, New York, NY 10003, United States of America"
New York Theatre Workshop,New York,New York Theatre Workshop,"79 East 4th Street, New York, NY 10003, United States of America"
Art Clinic,New York,Art Clinic,"106 Ridge Street, New York, NY 10002, United States of America"
New York Comedy Club,New York,New York Comedy Club,"85 East 4th Street, New York, NY 10003, United States of America"
Kraine Theater,New York,Kraine Theater,"85 East 4th Street, New York, NY 10003, United States of America"
Cherry Lane Theater,New York,Cherry Lane Theater,"38 Commerce Street, New York, NY 10014, United States of America"
Hashimoto Contemporary,New York,Hashimoto Contemporary,"210 Rivington Street, New York, NY 10002, United States of America"
IFC Center,New York,IFC Center,"323 6th Avenue, New York, NY 10014, United States of America"
Grey Art Gallery,New York,Grey Art Gallery,"Washington Square East, New York, NY 10012, United States of America"
Public Theater,New York,Public Theater,"425 Lafayette Street, New York, NY 10003, United States of America"
The Ukrainian Museum,New York,The Ukrainian Museum,"220 East 6th Street, New York, NY 10003, United States of America"
Karma Gallery,New York,Karma Gallery,"188 East 2nd Street, New York, NY 10009, United States of America"
Greenwich House Music School,New York,Greenwich House Music School,"46 Barrow Street, New York, NY 10014, United States of America"
Renee Weiler Concert Hall,New York,Renee Weiler Concert Hall,"46 Barrow Street, New York, NY 10014, United States of America"
Astor Place Theatre,New York,Astor Place Theatre,"434 Lafayette Street, New York, NY 10003, United States of America"
Wild Project,New York,Wild Project,"195 East 3rd Street, New York, NY 10009, United States of America"
MARCH,New York,MARCH,"64 Avenue A, New York, NY 10009, United States of America"
Astor Place Opera House,New York,Astor Place Opera House,"Astor Place, New York, NY 10003, United States of America"
Arts on Site,New York,Arts on Site,"12 Saint Mark's Place, New York, NY 10003, United States of America"
St. Mark's Comedy Club,New York,St. Mark's Comedy Club,"12 Saint Mark's Place, New York, NY 10003, United States of America"
Barcade,New York,Barcade,"6 Saint Mark's Place, New York, NY 10003, United States of America"
Heights Players,New York,Heights Players,"26 Willow Place, New York, NY 11201, United States of America"
Orpheum Theatre,New York,Orpheum Theatre,"126 2nd Avenue, New York, NY 10003, United States of America"
Swiss Institute of Contemporary Art,New York,Swiss Institute of Contemporary Art,"Saint Mark's Place, New York, NY 10003, United States of America"
Sixth Street Haunted House,New York,Sixth Street Haunted House,"516 East 6th Street, New York, NY 10009, United States of America"
Museum of the American Gangster,New York,Museum of the American Gangster,"78 Saint Mark's Place, New York, NY 10003, United States of America"
Theatre 80,New York,Theatre 80,"78 Saint Mark's Place, New York, NY 10003, United States of America"
The Trust for Governors Island,New York,The Trust for Governors Island,"110 Andes Road, New York, NY 10004, United States of America"
LMCC’s Arts Center at Governors Island,New York,LMCC’s Arts Center at Governors Island,"110 Andes Road, New York, NY 10004, United States of America"
Under St. Mark's Theater,New York,Under St. Mark's Theater,"94 Saint Mark's Place, New York, NY 10009, United States of America"
Pershing Hall;New York City Police Museum,New York,Pershing Hall;New York City Police Museum,"125 Carder Road, New York, NY 10004, United States of America"
FIGMENT Mini Golf,New York,FIGMENT Mini Golf,"Andes Road, New York, NY 10004, United States of America"
Performance Space 122,New York,Performance Space 122,"159 1st Avenue, New York, NY 10009, United States of America"
Theater for the New City,New York,Theater for the New City,"155 1st Avenue, New York, NY 10003, United States of America"
AMC Loews Village 7,New York,AMC Loews Village 7,"66 3rd Avenue, New York, NY 10003, United States of America"
Commanding Officer's Quarters,New York,Commanding Officer's Quarters,"1 Barry Road, New York, NY 10004, United States of America"
Salmagundi Club,New York,Salmagundi Club,"47 5th Avenue, New York, NY 10003, United States of America"
A.I.R. Gallery,New York,A.I.R. Gallery,"4 Barry Road, New York, NY 10004, United States of America"
Village East Cinema,New York,Village East Cinema,"181-189 2nd Avenue, New York, NY 10003, United States of America"
Museum of Russian Art,Jersey City,Museum of Russian Art,"80 Grand Street, Jersey City, NJ 07304, United States of America"
Escaping Time: Art from U.S. Prisons,New York,Escaping Time: Art from U.S. Prisons,"6 Barry Road, New York, NY 10004, United States of America"
Theresa Byrnes,New York,Theresa Byrnes,"616 East 9th Street, New York, NY 10009, United States of America"
The Battle for the Ballot: The Centennial of Women's Suffrage in New York,New York,The Battle for the Ballot: The Centennial of Women's Suffrage in New York,"18 Evans Road, New York, NY 10004, United States of America"
Classic Stage Company,New York,Classic Stage Company,"136 East 13th Street, New York, NY 10003, United States of America"
Regal Union Square Stadium 14,New York,Regal Union Square Stadium 14,"1320 Broadway, New York, NY 10003, United States of America"
The Dysfunctional Collective House,New York,The Dysfunctional Collective House,"8 Barry Road, New York, NY 10004, United States of America"
Variety Arts Theatre,New York,Variety Arts Theatre,"East 13th Street, New York, NY 10009, United States of America"
Quad Cinema,New York,Quad Cinema,"34 West 13th Street, New York, NY 10011, United States of America"
Thirteenth Street Theater,New York,Thirteenth Street Theater,"50 West 13th Street, New York, NY 10011, United States of America"
Tenri Institute,New York,Tenri Institute,"43A West 13th Street, New York, NY 10011, United States of America"
Museum of Reclaimed Urban Space,New York,Museum of Reclaimed Urban Space,"155 Avenue C, New York, NY 10009, United States of America"
The HoloCenter,New York,The HoloCenter,"403 Comfort Road, New York, NY 10004, United States of America"
Flywire Zipline,New York,Flywire Zipline,"Short Avenue, New York, NY 10004, United States of America"
N/A,New York,Division Road,"New York, NY 10004, United States of America"
New York Transit Museum,New York,New York Transit Museum,"99 Schermerhorn Street, New York, NY 11201, United States of America"
Pier 51 Play Area,New York,Pier 51 Play Area,"Hudson River Park Esplanade, New York, NY 10014, United States of America"
Daryl Roth Theater,New York,Daryl Roth Theater,"East 15th Street, New York, NY 10003, United States of America"
Irving Plaza,New York,Irving Plaza,"17 Irving Place, New York, NY 10003, United States of America"
The Stand,New York,The Stand,"116 East 16th Street, New York, NY 10003, United States of America"
Whitney Museum of American Art,New York,Whitney Museum of American Art,"99 Gansevoort Street, New York, NY 10014, United States of America"
Yeshiva University Museum,New York,Yeshiva University Museum,"West 16th Street, New York, NY 10011, United States of America"
Museum of Illusions,New York,Museum of Illusions,"77 8th Avenue, New York, NY 10011, United States of America"
Small Editions,New York,Small Editions,"60 Sackett Street, New York, NY 11231, United States of America"
Brooklyn Ballet,New York,Brooklyn Ballet,"160 Schermerhorn Street, New York, NY 11201, United States of America"
Clayworks on Columbia,New York,Clayworks on Columbia,"195 Columbia Street, New York, NY 11231, United States of America"
New York Magic Lab,New York,New York Magic Lab,"West 14th Street, New York, NY 10011, United States of America"
Creative Arts Studio,New York,Creative Arts Studio,"310 Atlantic Avenue, New York, NY 11201, United States of America"
310 Art,New York,310 Art,"310 Atlantic Avenue, New York, NY 11201, United States of America"
Invisible Dog Arts & Events Space,New York,Invisible Dog Arts & Events Space,"51 Bergen Street, New York, NY 11201, United States of America"
Rubin Museum of Art,New York,Rubin Museum of Art,"150 West 17th Street, New York, NY 10011, United States of America"
N/A,New York,East River Esplanade,"New York, NY 10009, United States of America"
AMC Newport 11,Jersey City,AMC Newport 11,"Mall Drive West, Jersey City, NJ 07310, United States of America"
Alamo Drafthouse Cinema - Brooklyn,New York,Alamo Drafthouse Cinema - Brooklyn,"445 Albee Square, New York, NY 11201, United States of America"
Mother Cabrini Park,New York,Mother Cabrini Park,"President Street, New York, NY 11231, United States of America"
Five Iron Golf,New York,Five Iron Golf,"138 5th Avenue, New York, NY 10011, United States of America"
Ground Zero Museum Workshop,New York,Ground Zero Museum Workshop,"West 14th Street, New York, NY 10014, United States of America"
Atlantic Bkln,New York,Atlantic Bkln,"333 Atlantic Avenue, New York, NY 11201, United States of America"
Ellis Island Immigration Museum,New York,Ellis Island Immigration Museum,"Ellis Island Bridge, New York, NJ 10004, United States of America"
AMC Loews 19th St. East 6,New York,AMC Loews 19th St. East 6,"East 19th Street, New York, NY 10003, United States of America"
Clover's,New York,Clover's,"338 Atlantic Avenue, New York, NY 11201, United States of America"
Atlantic Stage 2,New York,Atlantic Stage 2,"330 West 16th Street, New York, NY 10011, United States of America"
The Glade,New York,The Glade,"South Bridge, New York, NY 10014, United States of America"
Cobble Hill Cinemas,New York,Cobble Hill Cinemas,"265 Court Street, New York, NY 11231, United States of America"
The Amph,New York,The Amph,"North Bridge, New York, NY 10011, United States of America"
Collier West Annex,New York,Collier West Annex,"375 Atlantic Avenue, New York, NY 11217, United States of America"
N/A,New York,North 1st Street,"New York, NY 11211, United States of America"
Joyce Theatre,New York,Joyce Theatre,"West 18th Street, New York, NY 10011, United States of America"
Metaphor Projects,New York,Metaphor Projects,"382 Atlantic Avenue, New York, NY 11217, United States of America"
The Joyce Theater,New York,The Joyce Theater,"175 8th Avenue, New York, NY 10011, United States of America"
Fotografiska,New York,Fotografiska,"281 Park Avenue South, New York, NY 10010, United States of America"
Atlantic Theater,New York,Atlantic Theater,"West 20th Street, New York, NY 10011, United States of America"
Gramercy Theatre,New York,Gramercy Theatre,"127 East 23rd Street, New York, NY 10010, United States of America"
Vistor Center,New York,Vistor Center,"Washington Park, New York, NY 11205, United States of America"
Jalopy Theater and School of Music,New York,Jalopy Theater and School of Music,"315 Columbia Street, New York, NY 11231, United States of America"
Urban Glass,New York,Urban Glass,"647 Fulton Street, New York, NY 11217, United States of America"
Residency Unlimited,New York,Residency Unlimited,"360 Court Street, New York, NY 11231, United States of America"
BAM Strong,New York,BAM Strong,"Fulton Street, New York, NY 11207, United States of America"
Brooklyn Magic Shop,New York,Brooklyn Magic Shop,"281 Smith Street, New York, NY 11231, United States of America"
Poster House,New York,Poster House,"119 West 23rd Street, New York, NY 10011, United States of America"
BAM Harvey Theater,New York,BAM Harvey Theater,"651 Fulton Street, New York, NY 11217, United States of America"
The Rudin Family Gallery,New York,The Rudin Family Gallery,"653 Fulton Street, New York, NY 11217, United States of America"
Lisson Gallery,New York,Lisson Gallery,"138 10th Avenue, New York, NY 10011, United States of America"
Cinépolis Chelsea,New York,Cinépolis Chelsea,"260 West 23rd Street, New York, NY 10011, United States of America"
BAM 230 Ashland Place,New York,BAM 230 Ashland Place,"230 Ashland Place, New York, NY 11217, United States of America"
De-construkt,New York,De-construkt,"41 Seabring Street, New York, NY 11231, United States of America"
New York Comedy Club,New York,New York Comedy Club,"241 East 24th Street, New York, NY 10010, United States of America"
Amphitheater,Hoboken,Amphitheater,"Hoboken Newport Walkway- Hudson River Waterfront Walkway, Hoboken, NJ 07030, United States of America"
Hoboken Fire Department Museum,Hoboken,Hoboken Fire Department Museum,"213 Bloomfield Street, Hoboken, NJ 07030, United States of America"
Theater for a New Audience,New York,Theater for a New Audience,"95 Rockwell Place, New York, NY 11217, United States of America"
Eastville Comedy Club & Bar,New York,Eastville Comedy Club & Bar,"487 Atlantic Avenue, New York, NY 11217, United States of America"
Red Hook Labs,New York,Red Hook Labs,"133 Imlay Street, New York, NY 11231, United States of America"
Spectacle Theater,New York,Spectacle Theater,"124 South 3rd Street, New York, NY 11249, United States of America"
Polonsky Shakespeare Center,New York,Polonsky Shakespeare Center,"262 Ashland Place, New York, NY 11217, United States of America"
Mark Morris Dance Center,New York,Mark Morris Dance Center,"3 Rockwell Place, New York, NY 11217, United States of America"
Police Officer Moira Ann Smith Playground,New York,Police Officer Moira Ann Smith Playground,"Madison Avenue, New York, NY 10037, United States of America"
Court Tree Collective,New York,Court Tree Collective,"371 Court Street, New York, NY 11231, United States of America"
Gumbo Creative Space,New York,Gumbo Creative Space,"495 Atlantic Avenue, New York, NY 11217, United States of America"
David Zwirner,New York,David Zwirner,"527 West 19th Street, New York, NY 10011, United States of America"
Nitehawk Cinema,New York,Nitehawk Cinema,"136 Metropolitan Avenue, New York, NY 11249, United States of America"
Roulette,New York,Roulette,"509 Atlantic Avenue, New York, NY 11217, United States of America"
TW Fine Art,New York,TW Fine Art,"514 Atlantic Avenue, New York, NY 11217, United States of America"
SVA Theater,New York,SVA Theater,"333 West 23rd Street, New York, NY 10011, United States of America"
Holographic Studios,New York,Holographic Studios,"240 East 26th Street, New York, NY 10010, United States of America"
National Museum of Mathematics,New York,National Museum of Mathematics,"11 East 26th Street, New York, NY 10010, United States of America"
Nohra Haime Gallery,New York,Nohra Haime Gallery,"500A West 21st Street, New York, NY 10011, United States of America"
Pioneer Works,New York,Pioneer Works,"Pioneer Street, New York, NY 11231, United States of America"
BAM Peter Jay Sharp Building,New York,BAM Peter Jay Sharp Building,"30 Lafayette Avenue, New York, NY 11217, United States of America"
BAM Howard Gilman Opera House,New York,BAM Howard Gilman Opera House,"30 Lafayette Avenue, New York, NY 11217, United States of America"
N/A,New York,103 North 3rd Street,"New York, NY 11249, United States of America"
BAM Rose Cinemas,New York,BAM Rose Cinemas,"30 Lafayette Avenue, New York, NY 11217, United States of America"
Repertorio Español,New York,Repertorio Español,"138 East 27th Street, New York, NY 10016, United States of America"
The Column Theater,New York,The Column Theater,"345 Dean Street, New York, NY 11217, United States of America"
BAM Fischer,New York,BAM Fischer,"321 Ashland Place, New York, NY 11217, United States of America"
Red Hook Art Project,New York,Red Hook Art Project,"291 Van Brunt Street, New York, NY 11231, United States of America"
Paula Cooper Gallery,New York,Paula Cooper Gallery,"525 West 21st Street, New York, NY 10011, United States of America"
The Fishman Space,New York,The Fishman Space,"321 Ashland Place, New York, NY 11217, United States of America"
Museum of Sex,New York,Museum of Sex,"223 5th Avenue, New York, NY 10016, United States of America"
National Sawdust,New York,National Sawdust,"80 North 6th Street, New York, NY 11249, United States of America"
The Robotic Church,New York,The Robotic Church,"111 Pioneer Street, New York, NY 11231, United States of America"
Penn South Playground,New York,Penn South Playground,"West 26th Street, New York, NY 10001, United States of America"
303 Gallery,New York,303 Gallery,"555 West 21st Street, New York, NY 10011, United States of America"
Verysweetlife Studio,New York,Verysweetlife Studio,"320 Dean Street, New York, NY 11217, United States of America"
Basin Gallery & Studios,New York,Basin Gallery & Studios,"344 Van Brunt Street, New York, NY 11231, United States of America"
The Museum at FIT,New York,The Museum at FIT,"West 27th Street, New York, NY 10001, United States of America"
The Cliffs at Gowanus,New York,The Cliffs at Gowanus,"242 Butler Street, New York, NY 11217, United States of America"
Peninsula,New York,Peninsula,"352 Van Brunt Street, New York, NY 11231, United States of America"
Williamsburg Cinemas,New York,Williamsburg Cinemas,"217 Grand Street, New York, NY 11211, United States of America"
Brindamour Studios,New York,Brindamour Studios,"487 Union Street, New York, NY 11231, United States of America"
The Fiberhouse,New York,The Fiberhouse,"72 Nelson Street, New York, NY 11231, United States of America"
Sunday Takeout,New York,Sunday Takeout,"29 Hanson Place, New York, NY 11217, United States of America"
HG Contemporary,New York,HG Contemporary,"527 West 23rd Street, New York, NY 10011, United States of America"
Escape,New York,Escape,"130 West 29th Street, New York, NY 10001, United States of America"
Gladstone Gallery,New York,Gladstone Gallery,"515 West 24th Street, New York, NY 10011, United States of America"
Art World ESPO,New York,Art World ESPO,"72 4th Avenue, New York, NY 11217, United States of America"
Bond Craft Studio,New York,Bond Craft Studio,"372 Bond Street, New York, NY 11231, United States of America"
Chelsea Waterside Play Area,New York,Chelsea Waterside Play Area,"11th Avenue, New York, NY 10011, United States of America"
Museum of Contemporary African Diasporan Arts,New York,Museum of Contemporary African Diasporan Arts,"80 Hanson Place, New York, NY 11217, United States of America"
Spoke the Hub Dancing,New York,Spoke the Hub Dancing,"298 Butler Street, New York, NY 11217, United States of America"
KoKo Gowanus,New York,KoKo Gowanus,"298 Butler Street, New York, NY 11217, United States of America"
Gagosian,New York,Gagosian,"555 West 24th Street, New York, NY 10011, United States of America"
Brooklyn Boulders,New York,Brooklyn Boulders,"575 Degraw Street, New York, NY 11217, United States of America"
Liberty Science Center,Jersey City,Liberty Science Center,"222 Jersey City Boulevard, Jersey City, NJ 07305, United States of America"
Pace Gallery,New York,Pace Gallery,"540 West 25th Street, New York, NY 10001, United States of America"
Magnet Theater,New York,Magnet Theater,"254 West 29th Street, New York, NY 10001, United States of America"
Hudson Guild Theatre,New York,Hudson Guild Theatre,"441 West 26th Street, New York, NY 10001, United States of America"
Chelsea Park,New York,Chelsea Park,"West 27th Drive, New York, NY 10001, United States of America"
Theater Mitu,New York,Theater Mitu,"580A Sackett Street, New York, NY 11217, United States of America"
IMAX Dome Theater,Jersey City,IMAX Dome Theater,"New Jersey Turnpike Newark Bay Extension, Jersey City, NJ 07302, United States of America"
MetroRock Williamsburg,New York,MetroRock Williamsburg,"150 Marcy Avenue, New York, NY 11211, United States of America"
Joseph D. Williams Science Theater,Jersey City,Joseph D. Williams Science Theater,"Phillip Street, Jersey City, NJ 07305, United States of America"
Skyline Drive In NYC,New York,Skyline Drive In NYC,"Oak Street, New York, NY 11222, United States of America"
Statue of Liberty Museum,New York,Statue of Liberty Museum,"Flagpole Plaza, New York, NY 07302, United States of America"
AMC Kips Bay 15,New York,AMC Kips Bay 15,"570 2nd Avenue, New York, NY 10016, United States of America"
The Cutting Room,New York,The Cutting Room,"44 East 32nd Street, New York, NY 10016, United States of America"
Paul Robeson Theatre,New York,Paul Robeson Theatre,"40 Greene Avenue, New York, NY 11221, United States of America"
The McKittrick Hotel,New York,The McKittrick Hotel,"West 27th Street, New York, NY 10001, United States of America"
Memorial Hall,New York,Memorial Hall,"205 Ryerson Street, New York, NY 11205, United States of America"
The City Reliquary,New York,The City Reliquary,"370 Metropolitan Avenue, New York, NY 11211, United States of America"
The Canvas,New York,The Canvas,"132 Bedford Avenue, New York, NY 11249, United States of America"
Littlefield,New York,Littlefield,"635 Sackett Street, New York, NY 11217, United States of America"
e-flux,New York,e-flux,"172 Classon Avenue, New York, NY 11205, United States of America"
The Waterfront Museum,New York,The Waterfront Museum,"Conover Street, New York, NY 11231, United States of America"
Lucid Body House,New York,Lucid Body House,"230 Lexington Avenue, New York, NY 10016, United States of America"
GP-81 Climbing Gym,New York,GP-81 Climbing Gym,"81 Quay Street, New York, NY 11222, United States of America"
Jaime Campiz Playground,New York,Jaime Campiz Playground,"Marcy Avenue, New York, NY 11211, United States of America"
VR World,New York,VR World,"8 East 34th Street, New York, NY 10016, United States of America"
Liberty State Park Interpretive Center,Jersey City,Liberty State Park Interpretive Center,"275 Freedom Way, Jersey City, NJ 07305, United States of America"
The Houdini Museum of New York,New York,The Houdini Museum of New York,"West 33rd Street, New York, NY 10001, United States of America"
ShapeShifter Lab,New York,ShapeShifter Lab,"18 Whitwell Place, New York, NY 11215, United States of America"
Textile Arts Center,New York,Textile Arts Center,"505 Carroll Street, New York, NY 11215, United States of America"
Liberty State Park Interpretive Center,Jersey City,Liberty State Park Interpretive Center,"Freedom Way, Jersey City, NJ 07302, United States of America"
Martin E. Segal Theatre Center,New York,Martin E. Segal Theatre Center,"365 5th Avenue, New York, NY 10016, United States of America"
The Gutter,New York,The Gutter,"200 North 14th Street, New York, NY 11249, United States of America"
VITAL Climbing Gym,New York,VITAL Climbing Gym,"221 North 14th Street, New York, NY 11249, United States of America"
The Shed,New York,The Shed,"West 30th Street, New York, NY 10001, United States of America"
Established Gallery,New York,Established Gallery,"75B 6th Avenue, New York, NY 11217, United States of America"
The Bell House,New York,The Bell House,"149 7th Street, New York, NY 11215, United States of America"
The Old American Can Factory,New York,The Old American Can Factory,"232 3rd Street, New York, NY 11215, United States of America"
Ortega y Gasset Projects,New York,Ortega y Gasset Projects,"363 3rd Avenue, New York, NY 11215, United States of America"
AMC Lowes 34th St 14,New York,AMC Lowes 34th St 14,"312 West 34th Street, New York, NY 10001, United States of America"
N/A,New York,232 3rd Street,"New York, NY 11215, United States of America"
Site: Brooklyn,New York,Site: Brooklyn,"165 7th Street, New York, NY 11215, United States of America"
Manhattan Center,New York,Manhattan Center,"311 West 34th Street, New York, NY 10001, United States of America"
The Morgan Library & Museum,New York,The Morgan Library & Museum,"East 36th Street, New York, NY 10016, United States of America"
Grand Avenue Workshop,New York,Grand Avenue Workshop,"290 Grand Avenue, New York, NY 11238, United States of America"
Side pony tail - comedy,New York,Side pony tail - comedy,"594 Union Avenue, New York, NY 11211, United States of America"
Super Secret Arts,New York,Super Secret Arts,"400 3rd Avenue, New York, NY 11215, United States of America"
Ibeam Brooklyn,New York,Ibeam Brooklyn,"168 7th Street, New York, NY 11215, United States of America"
Sharon Simmons Art Gallery,New York,Sharon Simmons Art Gallery,"127 6th Avenue, New York, NY 11217, United States of America"
Principles GI Coffee House,New York,Principles GI Coffee House,"139 9th Street, New York, NY 11215, United States of America"
Bklyn Clay,New York,Bklyn Clay,"535 Carlton Avenue, New York, NY 11238, United States of America"
Barcade,New York,Barcade,"388 Union Avenue, New York, NY 11211, United States of America"
17 Frost Gallery,New York,17 Frost Gallery,"17 Frost Street, New York, NY 11211, United States of America"
St. Hrouda,New York,St. Hrouda,"227 5th Avenue, New York, NY 11215, United States of America"
Hoboken Historical Museum,Hoboken,Hoboken Historical Museum,"1301 Hudson Street, Hoboken, NJ 07030, United States of America"
Abingdon Theatre Complex,New York,Abingdon Theatre Complex,"312 West 36th Street, New York, NY 10018, United States of America"
The Tank,New York,The Tank,"312 West 36th Street, New York, NY 10018, United States of America"
Monroe Center for the Arts,Hoboken,Monroe Center for the Arts,"623 Monroe Street, Hoboken, NJ 07030, United States of America"
Shipwrecked,New York,Shipwrecked,"621 Court Street, New York, NY 11231, United States of America"
Dieu Donne,New York,Dieu Donne,"315 West 36th Street, New York, NY 10018, United States of America"
National Comedy Theater,New York,National Comedy Theater,"347 West 36th Street, New York, NY 10018, United States of America"
Craftsman Ave,New York,Craftsman Ave,"117B 11th Street, New York, NY 11215, United States of America"
The Brick,New York,The Brick,"579 Metropolitan Avenue, New York, NY 11211, United States of America"
Soapbox Gallery,New York,Soapbox Gallery,"636 Dean Street, New York, NY 11238, United States of America"
Spoke the Hub,New York,Spoke the Hub,"748 Union Street, New York, NY 11215, United States of America"
Old Stone House,New York,Old Stone House,"336 3rd Street, New York, NY 11215, United States of America"
J.J. Byrne Playground,New York,J.J. Byrne Playground,"3rd Street, New York, NY 11215, United States of America"
Lafayette Gardens Playground,New York,Lafayette Gardens Playground,"Franklin Avenue, New York, NY 11225, United States of America"
Ocean's 8,New York,Ocean's 8,"308 Flatbush Avenue, New York, NY 11238, United States of America"
Museum of Food and Drink,New York,Museum of Food and Drink,"62 Bayard Street, New York, NY 11222, United States of America"
Ripley-Grier Flexible Spaces,New York,Ripley-Grier Flexible Spaces,"305 West 38th Street, New York, NY 10018, United States of America"
The AKC Museum of the Dog,New York,The AKC Museum of the Dog,"101 Park Avenue, New York, NY 10016, United States of America"
BAC,New York,BAC,"450 West 37th Street, New York, NY 10018, United States of America"
The Escape Game New York City,New York,The Escape Game New York City,"295 Madison Avenue, New York, NY 10017, United States of America"
Film Noir Cinema,New York,Film Noir Cinema,"122 Meserole Avenue, New York, NY 11222, United States of America"
Brooklyn Center Stage Dance Studio,New York,Brooklyn Center Stage Dance Studio,"495 3rd Avenue, New York, NY 11215, United States of America"
SIR Stage37,New York,SIR Stage37,"508 West 37th Street, New York, NY 10018, United States of America"
The Empty Circle,New York,The Empty Circle,"499 3rd Avenue, New York, NY 11215, United States of America"
Putting Green,New York,Putting Green,"6th Avenue, New York, NY 10019, United States of America"
The Elizabeth Foundation for the Arts,New York,The Elizabeth Foundation for the Arts,"323 West 39th Street, New York, NY 10018, United States of America"
The Robert Blackburn Printmaking Workshop (RBPMW),New York,The Robert Blackburn Printmaking Workshop (RBPMW),"323 West 39th Street, New York, NY 10018, United States of America"
Miss Tic Escape Rooms,New York,Miss Tic Escape Rooms,"794 Union Street, New York, NY 11215, United States of America"
Nederlander Theatre,New York,Nederlander Theatre,"208 West 41st Street, New York, NY 10018, United States of America"
BBFL Gallery,New York,BBFL Gallery,"300-302 7th Street, New York, NY 11215, United States of America"
Brooklyn Glass,New York,Brooklyn Glass,"143 13th Street, New York, NY 11215, United States of America"
New Amsterdam Theatre,New York,New Amsterdam Theatre,"214 West 42nd Street, New York, NY 10036, United States of America"
Madame Tussauds New York,New York,Madame Tussauds New York,"234 West 42nd Street, New York, NY 10036, United States of America"
AMC Empire 25,New York,AMC Empire 25,"234 West 42nd Street, New York, NY 10036, United States of America"
Dave & Buster's,New York,Dave & Buster's,"234 West 42nd Street, New York, NY 10036, United States of America"
Jack,New York,Jack,"20 Putnam Avenue, New York, NY 11238, United States of America"
The Gravity Vault Hoboken,Hoboken,The Gravity Vault Hoboken,"1423 Clinton Street, Hoboken, NJ 07030, United States of America"
Bow Tie Cinemas,Hoboken,Bow Tie Cinemas,"409-415 14th Street, Hoboken, NJ 07030, United States of America"
Puppetworks,New York,Puppetworks,"338 6th Avenue, New York, NY 11215, United States of America"
BAX,New York,BAX,"421 5th Avenue, New York, NY 11215, United States of America"
New Victory Theater,New York,New Victory Theater,"209 West 42nd Street, New York, NY 10036, United States of America"
Lyric Theatre,New York,Lyric Theatre,"213 West 42nd Street, New York, NY 10036, United States of America"
American Airlines Theatre,New York,American Airlines Theatre,"227 West 42nd Street, New York, NY 10036, United States of America"
The Gravity Vault Hoboken,Hoboken,The Gravity Vault Hoboken,"1423 Clinton Street, Hoboken, NJ 07030, United States of America"
Stephen Sondheim Theatre,New York,Stephen Sondheim Theatre,"124 West 43rd Street, New York, NY 10036, United States of America"
The Duke on 42nd Street,New York,The Duke on 42nd Street,"229 West 42nd Street, New York, NY 10036, United States of America"
Regal E-Walk Stadium 13 & RPX,New York,Regal E-Walk Stadium 13 & RPX,"247 West 42nd Street, New York, NY 10036, United States of America"
International Center of Photography,New York,International Center of Photography,"1133 6th Avenue, New York, NY 10036, United States of America"
The Town Hall,New York,The Town Hall,"123 West 43rd Street, New York, NY 10036, United States of America"
American Airlines Theatre,New York,American Airlines Theatre,"227 West 42nd Street, New York, NY 10036, United States of America"
Muddguts,New York,Muddguts,"427 Graham Avenue, New York, NY 11211, United States of America"
Theatre Row,New York,Theatre Row,"410 West 42nd Street, New York, NY 10036, United States of America"
Playwrights Horizons,New York,Playwrights Horizons,"416 West 42nd Street, New York, NY 10036, United States of America"
Belasco Theatre,New York,Belasco Theatre,"111 West 44th Street, New York, NY 10036, United States of America"
Fiddler on The Roof,New York,Fiddler on The Roof,"420 West 42nd Street, New York, NY 10036, United States of America"
The Green Room 42,New York,The Green Room 42,"460 West 42nd Street, New York, NY 10036, United States of America"
Helen Hayes Theatre,New York,Helen Hayes Theatre,"240 West 44th Street, New York, NY 10036, United States of America"
St. James Theatre,New York,St. James Theatre,"246 West 44th Street, New York, NY 10036, United States of America"
Greenpoint Gallery,New York,Greenpoint Gallery,"390 McGuinness Boulevard, New York, NY 11222, United States of America"
Underhill Playground,New York,Underhill Playground,"Prospect Place, New York, NY 11216, United States of America"
Second Stage Theater,New York,Second Stage Theater,"West 43rd Street, New York, NY 10036, United States of America"
The Gallery Players Theater,New York,The Gallery Players Theater,"199 14th Street, New York, NY 11215, United States of America"
PlayStation Theater,New York,PlayStation Theater,"1515 Broadway, New York, NY 10019, United States of America"
Shubert Theatre,New York,Shubert Theatre,"225 West 44th Street, New York, NY 10036, United States of America"
Broadhurst Theatre,New York,Broadhurst Theatre,"235 West 44th Street, New York, NY 10036, United States of America"
Majestic Theatre,New York,Majestic Theatre,"245 West 44th Street, New York, NY 10036, United States of America"
Land Gallery & Studio,New York,Land Gallery & Studio,"1101 Bedford Avenue, New York, NY 11216, United States of America"
Booth Theatre,New York,Booth Theatre,"222 West 45th Street, New York, NY 10036, United States of America"
GAMBA Forest,New York,GAMBA Forest,"630 Humboldt Street, New York, NY 11222, United States of America"
Gerald Schoenfeld Theatre,New York,Gerald Schoenfeld Theatre,"236 West 45th Street, New York, NY 10036, United States of America"
Bernard B. Jacobs Theatre,New York,Bernard B. Jacobs Theatre,"242 West 45th Street, New York, NY 10036, United States of America"
Minskoff Theatre,New York,Minskoff Theatre,"1515 Broadway, New York, NY 10019, United States of America"
Lyceum Theatre,New York,Lyceum Theatre,"149 West 45th Street, New York, NY 10036, United States of America"
John Golden Theatre,New York,John Golden Theatre,"252 West 45th Street, New York, NY 10036, United States of America"
Westside Theatre,New York,Westside Theatre,"407 West 43rd Street, New York, NY 10036, United States of America"
440 Gallery,New York,440 Gallery,"440 6th Avenue, New York, NY 11215, United States of America"
Producers Club Theaters and Bar,New York,Producers Club Theaters and Bar,"358 West 44th Street, New York, NY 10036, United States of America"
Al Hirschfeld Theatre,New York,Al Hirschfeld Theatre,"302 West 45th Street, New York, NY 10036, United States of America"
N/A,Union City,Willie Wolf Way,"Union City, NJ 07307, United States of America"
Music Box Theatre,New York,Music Box Theatre,"239 West 45th Street, New York, NY 10036, United States of America"
Imperial Theater,New York,Imperial Theater,"249 West 45th Street, New York, NY 10036, United States of America"
Loew's Jersey Theatre,Jersey City,Loew's Jersey Theatre,"54 Journal Concourse Square West, Jersey City, NJ 07306, United States of America"
Upright Citizens Brigade Theatre,New York,Upright Citizens Brigade Theatre,"555 West 42nd Street, New York, NY 10036, United States of America"
Richard Rodgers Theatre,New York,Richard Rodgers Theatre,"226 West 46th Street, New York, NY 10036, United States of America"
New Dramatists Theater,New York,New Dramatists Theater,"424 West 44th Street, New York, NY 10036, United States of America"
Artshack Gallery,New York,Artshack Gallery,"1127 Bedford Avenue, New York, NY 11216, United States of America"
Artshack Brooklyn,New York,Artshack Brooklyn,"1131 Bedford Avenue, New York, NY 11216, United States of America"
Lucky Strike Social,New York,Lucky Strike Social,"624-660 West 42nd Street, New York, NY 10036, United States of America"
Lunt-Fontanne Theatre,New York,Lunt-Fontanne Theatre,"205 West 46th Street, New York, NY 10036, United States of America"
Palace Theater,New York,Palace Theater,"1564 Broadway, New York, NY 10019, United States of America"
Old Hickory Playground,New York,Old Hickory Playground,"51st Avenue, New York, NY 11109, United States of America"
Lena Horne Theatre,New York,Lena Horne Theatre,"256 West 47th Street, New York, NY 10036, United States of America"
Firefighters' Memorial Park,Union City,Firefighters' Memorial Park,"Palisade Avenue, Union City, NJ 07087, United States of America"
John Hancock Playground,New York,John Hancock Playground,"90 Jefferson Avenue, New York, NY 11216, United States of America"
Andrews Grove,New York,Andrews Grove,"49th Avenue, New York, NY 11101, United States of America"
James Earl Jones Theatre,New York,James Earl Jones Theatre,"138 West 48th Street, New York, NY 10036, United States of America"
Barrymore Theatre,New York,Barrymore Theatre,"243 West 47th Street, New York, NY 10036, United States of America"
LOL Times Square Comedy Club,New York,LOL Times Square Comedy Club,"711 7th Avenue, New York, NY 10036, United States of America"
Samuel J. Friedman Theatre,New York,Samuel J. Friedman Theatre,"261 West 47th Street, New York, NY 10036, United States of America"
Qlty-Life,New York,Qlty-Life,"240 Norman Avenue, New York, NY 11222, United States of America"
Longacre Theatre,New York,Longacre Theatre,"220 West 48th Street, New York, NY 10036, United States of America"
Shoestring Press,New York,Shoestring Press,"640 Classon Avenue, New York, NY 11238, United States of America"
Underpenny Museum Antique & Collectables,New York,Underpenny Museum Antique & Collectables,"10-13 50th Avenue, New York, NY 11101, United States of America"
Walter Kerr Theatre,New York,Walter Kerr Theatre,"219 West 48th Street, New York, NY 10019, United States of America"
FGD Gallery,New York,FGD Gallery,"535A 6th Avenue, New York, NY 11215, United States of America"
Eden Fine Art,New York,Eden Fine Art,"437 Madison Avenue, New York, NY 10017, United States of America"
Estudio,New York,Estudio,"547 6th Avenue, New York, NY 11215, United States of America"
Eugene O'Neill Theatre,New York,Eugene O'Neill Theatre,"230 West 49th Street, New York, NY 10019, United States of America"
Standing Room Comedy Club,New York,Standing Room Comedy Club,"47-42 Vernon Boulevard, New York, NY 11101, United States of America"
Almira Kennedy Coursey Amphitheater,New York,Almira Kennedy Coursey Amphitheater,"Lafayette Avenue, New York, NY 11221, United States of America"
Ambassador Theatre,New York,Ambassador Theatre,"219 West 49th Street, New York, NY 10019, United States of America"
Radio City Music Hall,New York,Radio City Music Hall,"West 50th Street, New York, NY 10019, United States of America"
Fountain Gallery,New York,Fountain Gallery,"West 48th Street, New York, NY 10036, United States of America"
Carolines on Broadway,New York,Carolines on Broadway,"1626 Broadway, New York, NY 10019, United States of America"
Boccara Art,New York,Boccara Art,"198 24th Street, New York, NY 11232, United States of America"
Under Minerva,New York,Under Minerva,"656 5th Avenue, New York, NY 11232, United States of America"
Hootenanny Art Annex,New York,Hootenanny Art Annex,"413A 7th Avenue, New York, NY 11215, United States of America"
Winter Garden Theatre,New York,Winter Garden Theatre,"1634 Broadway, New York, NY 10019, United States of America"
Brooklyn Acting Lab,New York,Brooklyn Acting Lab,"1012 8th Avenue, New York, NY 11215, United States of America"
Gershwin Theatre,New York,Gershwin Theatre,"222 West 51st Street, New York, NY 10019, United States of America"
Intrepid Museum,New York,Intrepid Museum,"86 West 46th Street, New York, NY 10036, United States of America"
New World Stages,New York,New World Stages,"340 West 50th Street, New York, NY 10019, United States of America"
My Gallery NYC,New York,My Gallery NYC,"587 Franklin Avenue, New York, NY 11216, United States of America"
Circle in the Square Theatre,New York,Circle in the Square Theatre,"222 West 51st Street, New York, NY 10019, United States of America"
Open Source Gallery,New York,Open Source Gallery,"306 17th Street, New York, NY 11215, United States of America"
Brooklyn Museum,New York,Brooklyn Museum,"200 Eastern Parkway, New York, NY 11238, United States of America"
Gasworks,New York,Gasworks,"673 5th Avenue, New York, NY 11215, United States of America"
Winter Garden Theatre,New York,Winter Garden Theatre,"8th Avenue, New York, NY 10019, United States of America"
Paley Center for Media,New York,Paley Center for Media,"25 West 52nd Street, New York, NY 10019, United States of America"
Wendy's Subway,New York,Wendy's Subway,"379 Bushwick Avenue, New York, NY 11207, United States of America"
Plaxall Gallary,New York,Plaxall Gallary,"5-25 46th Avenue, New York, NY 11101, United States of America"
The Ear,New York,The Ear,"255 Boerum Street, New York, NY 11206, United States of America"
Neil Simon Theater,New York,Neil Simon Theater,"250 West 52nd Street, New York, NY 10019, United States of America"
Slope Park Playground,New York,Slope Park Playground,"19th Street, New York, NY 11218, United States of America"
Lucky Cheng's,New York,Lucky Cheng's,"242 West 52nd Street, New York, NY 10019, United States of America"
Vector Gallery,New York,Vector Gallery,"951 Grand Street, New York, NY 11211, United States of America"
Abe Art,New York,Abe Art,"660 Franklin Avenue, New York, NY 11238, United States of America"
August Wilson Theatre,New York,August Wilson Theatre,"245 West 52nd Street, New York, NY 10019, United States of America"
MoMA,New York,MoMA,"11 West 53rd Street, New York, NY 10019, United States of America"
The Gutter,New York,The Gutter,"10-22 46th Avenue, New York, NY 11101, United States of America"
Broadway Theatre,New York,Broadway Theatre,"1681 Broadway, New York, NY 10019, United States of America"
Museum of Modern Art (MoMA) films,New York,Museum of Modern Art (MoMA) films,"11 West 53rd Street, New York, NY 10019, United States of America"
Five Myles,New York,Five Myles,"558 Saint Johns Place, New York, NY 11238, United States of America"
Soft Surplus,New York,Soft Surplus,"366 Devoe Street, New York, NY 11211, United States of America"
Bowl Rite,Union City,Bowl Rite,"8th Street, Union City, NJ 07047, United States of America"
Grand Central Atelier,New York,Grand Central Atelier,"46-06 11th Street, New York, NY 11101, United States of America"
Ed Sullivan Theater,New York,Ed Sullivan Theater,"Broadway, New York, NY 10019, United States of America"
Ziegfeld Ballroom,New York,Ziegfeld Ballroom,"141 West 54th Street, New York, NY 10019, United States of America"
The Bandshell,New York,The Bandshell,"62 West Drive, New York, NY 11215, United States of America"
Transfer Gallery,New York,Transfer Gallery,"1030 Metropolitan Avenue, New York, NY 11211, United States of America"
Studio 54,New York,Studio 54,"254 West 54th Street, New York, NY 10019, United States of America"
Hootenanny Art House,New York,Hootenanny Art House,"428 15th Street, New York, NY 11215, United States of America"
International Studio & Curatorial Program,New York,International Studio & Curatorial Program,"1040 Metropolitan Avenue, New York, NY 11211, United States of America"
Irish Arts Center,New York,Irish Arts Center,"West 51st Street, New York, NY 10019, United States of America"
Lesbian Herstory Archives,New York,Lesbian Herstory Archives,"484 14th Street, New York, NY 11215, United States of America"
New York City Center,New York,New York City Center,"6½ Avenue, New York, NY 10105, United States of America"
MoMA PS1,New York,MoMA PS1,"46th Avenue, New York, NY 11101, United States of America"
Eyebeam,New York,Eyebeam,"199 Cook Street, New York, NY 11206, United States of America"
The Daily Show with Trevor Noah,New York,The Daily Show with Trevor Noah,"727 11th Avenue, New York, NY 10019, United States of America"
Dorsky Gallery,New York,Dorsky Gallery,"11-03 45th Avenue, New York, NY 11101, United States of America"
Prospect Park Zoo,New York,Prospect Park Zoo,"450 Flatbush Avenue, New York, NY 11225, United States of America"
Zankel Hall,New York,Zankel Hall,"West 56th Street, New York, NY 10019, United States of America"
Amos Eno Gallery,New York,Amos Eno Gallery,"56 Bogart Street, New York, NY 11206, United States of America"
Syndicated Bar Theater Kitchen,New York,Syndicated Bar Theater Kitchen,"40 Bogart Street, New York, NY 11206, United States of America"
