Hotel Name,Distance from NYC
31 Street Broadway Hotel,New York
Americana Motel,17.44 mi from New York
Days Inn by Wyndham Wayne,21.44 mi from New York
Quality Inn Wayne - Fairfield Area,17.75 mi from New York
Americas Best Value Inn Avenel Woodbridge,17.36 mi from New York
Luxe Autos Exotic Rentals,9.32 mi from New York
‚≠êÔ∏è Best Studio/RV To Visit NYC‚úàÔ∏èEWR Airport-Free Parking,11.42 mi from New York
Travelodge by Wyndham Avenel Woodbridge,17.38 mi from New York
Red Roof Inn PLUS+ Newark Liberty Airport - Carteret,14.45 mi from New York
Kamway Lodge & Travel,6.55 mi from New York
Rodeway Inn,16.25 mi from New York
Tides Motor Inn at Stehli Beach,25.9 mi from New York
Rodeway Inn Capri,9.9 mi from New York
Private room with its own private bathroom,16.63 mi from New York
L 3 Downtown Newark Guesthouse,10.19 mi from New York
American Dream 10 mins! 1BDR,10.97 mi from New York
Mamaroneck Motel,20.9 mi from New York
Crown Inn Motel,13.93 mi from New York
Days Inn by Wyndham Iselin / Woodbridge,18.36 mi from New York
Piermont Cozy Haven,23.66 mi from New York
Extended Stay America Suites Ramsey Upper Saddle River,23.68 mi from New York
Holly Hill Motel,20.34 mi from New York
Motel House,10.13 mi from New York
"Motel 6 Elizabeth, NJ - Newark Liberty Intl Airport",10.2 mi from New York
Coliseum Inn & Suites - Garden City Long Island,22.61 mi from New York
Tappan Zee Hotel,26.68 mi from New York
Horizon Inn,17.04 mi from New York
Inn at Jericho,23.77 mi from New York
NY Moore Hostel,3.64 mi from New York
"Red Carpet Inn Newark Irvington, NJ",11.83 mi from New York
‚≠êÔ∏è Best Apt To Visit NYC-5 minutes to‚úàÔ∏èEWR airport+Free Parking,11.42 mi from New York
Wyndham Garden Totowa,16.68 mi from New York
Quality Inn Spring Valley - Nanuet,27.08 mi from New York
Hampton Inn & Suites Newark Airport Elizabeth,9.6 mi from New York
Super 8 by Wyndham Nyack NY,26.61 mi from New York
Ramada by Wyndham East Orange,11.81 mi from New York
Days Inn by Wyndham Nanuet / Spring Valley,26.9 mi from New York
La Quinta Inn & Suites by Wyndham Fairfield NJ,18.72 mi from New York
Modern & cozy 1-bed attic apt close to NYC,5.7 mi from New York
Rodeway Inn,9.53 mi from New York
Ramada by Wyndham Rochelle Park Near Paramus,14.81 mi from New York
Red Roof Inn Fairfield,19.05 mi from New York
Rest Inn - Elizabeth,11.63 mi from New York
Relax and rejuvenate in this Hideaway Apartment close to public transportation .,20.7 mi from New York
LUXE | Private & Modern | Close to City,18.29 mi from New York
Hudson Plaza Motel Bayonne / Jersey City,5.36 mi from New York
Modern Cozy Apartment - Near American Dream Theme Park & NYC,10.4 mi from New York
Hotel Executive Suites,14.85 mi from New York
"Motel 6 Elmsford, NY - White Plains",25.6 mi from New York
Turkey Hill Inn,18.42 mi from New York
Studio at North Bergen close to NYC and mass transportation,6.18 mi from New York
Renovated 1 bedroom apartment 30 min train ride from manhattan,16.86 mi from New York
Comfort Suites Newark - Harrison,8.9 mi from New York
Comfort Inn Paramus,14.97 mi from New York
Best Western The Inn At Ramsey,25.8 mi from New York
Travelodge by Wyndham South Hackensack,10.33 mi from New York
Extended Stay America Suites Meadowlands East Rutherford,7.38 mi from New York
Rodeway Inn Meadowlands,6.17 mi from New York
Sonesta Simply Suites Nanuet,27.32 mi from New York
WoodSpring Suites Linden,12.63 mi from New York
"Robert Treat Hotel, BW Premier Collection",8.72 mi from New York
Perfect near NYC,7.58 mi from New York
This stylish place to stay is perfect for group trips to NYC!,11.05 mi from New York
Red Roof Inn PLUS+ Secaucus - Meadowlands - NYC,6.68 mi from New York
The Wayne Inn,18.64 mi from New York
Days Inn by Wyndham Elmsford / White Plains,25.47 mi from New York
Extended Stay America Suites Elizabeth Newark Airport,9.54 mi from New York
Hotel Mint JFK Airport,15.18 mi from New York
Umbrella Hotel Brooklyn,5.65 mi from New York
Super Lake Hotel,9.67 mi from New York
Days Inn by Wyndham Ridgefield NJ,9.09 mi from New York
Hampton Inn Woodbridge,19.47 mi from New York
Super 8 by Wyndham Meadowlands,7.96 mi from New York
Hampton Inn Ridgefield Park,9.11 mi from New York
Extended Stay America Suites Meadowlands Rutherford,8.15 mi from New York
The Central Park North,New York
Howard Johnson by Wyndham Clifton NJ,11.33 mi from New York
Travelodge by Wyndham Jersey City,4 mi from New York
Voyage Hotel,4.69 mi from New York
Luxury Studio Suite- 5mins to EWR-close to NYC,11 mi from New York
Essence Express Wayne,17.89 mi from New York
Super 8 by Wyndham Rahway/Newark,15.78 mi from New York
Haiban Inn,3.45 mi from New York
Latisha house,6.95 mi from New York
Latisha luxury place ,6.71 mi from New York
This location will make ur EYES Light UP,9.82 mi from New York
Hampton Inn Linden,14.09 mi from New York
"Holiday Inn Clark - Newark Area, an IHG Hotel",16.61 mi from New York
Comfort Suites at Woodbridge,16.35 mi from New York
Hampton Inn Newark Airport,9.56 mi from New York
DoubleTree by Hilton Fairfield Hotel & Suites,18.49 mi from New York
Howard Johnson Hotel by Wyndham Newark Airport,7.92 mi from New York
Quality Inn near Sunset Park,4.29 mi from New York
Charming and Comfy,8.37 mi from New York
"Comfy with Free Parking, 2 beds Near Airport, Park/Hospital!",11.3 mi from New York
Action Lodge 3Bedroom and 2Bathroom,10.37 mi from New York
The Westfield Inn | An elegant boutique hotel at New Jersey,18.5 mi from New York
Quiet comfortable homelike apt 10 minutes from the airport.,10.51 mi from New York
APA Hotel Woodbridge,19.81 mi from New York
DoubleTree by Hilton Fort Lee - George Washington Bridge,10.32 mi from New York
Days Inn by Wyndham Jersey City / NYC Area,3.92 mi from New York
"Holiday Inn Hasbrouck Heights-Meadowlands, an IHG Hotel",10.69 mi from New York
Casa Azul Hotel Blu JFK,14.26 mi from New York
Grandview Hotel New York,9.88 mi from New York
TRYP by Wyndham Newark Downtown,8.66 mi from New York
Hilton Garden Inn Secaucus/Meadowlands,5.23 mi from New York
Hilton Garden Inn Nanuet,26.79 mi from New York
Courtyard by Marriott Paramus,16.26 mi from New York
Steinway Hotel,6.25 mi from New York
Travelodge by Wyndham Manhasset,16.78 mi from New York
Mitchell Executive Hotel,10.81 mi from New York
Best Western Paramus Hotel & Suites,15.73 mi from New York
Courtyard by Marriott Newark Liberty International Airport,8.73 mi from New York
Airway Inn at LaGuardia,7.18 mi from New York
Paris Suites Hotel,8.33 mi from New York
Hotel Pergola JFK Airport,11.99 mi from New York
Fairfield Inn & Suites by Marriott New York Staten Island,13.05 mi from New York
Cozy Apartment Fantastic Location,8.37 mi from New York
"Modern 1 Bdrm- Mins to NYC, Prudential, & Airport",10.89 mi from New York
"Home2 Suites by Hilton Wayne, NJ",17.82 mi from New York
Hilton Garden Inn Wayne,20.95 mi from New York
SureStay Hotel by Best Western Secaucus Meadowlands,5.65 mi from New York
Homewood Suites by Hilton East Rutherford - Meadowlands,9.29 mi from New York
Townhouse Inn & Suites,13.91 mi from New York
Fairfield Inn & Suites by Marriott Woodbridge,16.27 mi from New York
Newark Hansbury Multi Level House,10.91 mi from New York
Howard Johnson by Wyndham North Bergen,4.25 mi from New York
Entire Luxury 2 Bedroom Near NY/EWR With Workspace,10.8 mi from New York
Fairfield Inn & Suites by Marriott Paramus,17.37 mi from New York
Homewood Suites by Hilton Teaneck Glenpointe,10.95 mi from New York
"Holiday Inn Express Woodbridge, an IHG Hotel",17.64 mi from New York
Wheeler Hotel,10.34 mi from New York
Extended Stay America Suites Secaucus Meadowlands,6.75 mi from New York
Best Western Fort Lee,10.63 mi from New York
"Crowne Plaza Englewood, an IHG Hotel",11.88 mi from New York
Best Western Plus Newark Airport West,9.5 mi from New York
Ardsley Acres Hotel Westchester,21.95 mi from New York
"Holiday Inn Express Newark Airport Elizabeth, an IHG Hotel",10.02 mi from New York
Hilton Meadowlands,7.42 mi from New York
"Holiday Inn Newark International Airport, an IHG Hotel",8.41 mi from New York
Home away from Home,10.79 mi from New York
The Floral Park Motor Lodge,15.44 mi from New York
Homewood Suites by Hilton Newark-Cranford,15.59 mi from New York
La Quinta Inn & Suites by Wyndham Secaucus Meadowlands,5.81 mi from New York
Hilton Short Hills,18.95 mi from New York
Home2 Suites by Hilton Newark Airport,8.69 mi from New York
Clinton Inn Hotel & Event Center,14.63 mi from New York
The Jane Hotel,New York
Marriott Saddle Brook,14.17 mi from New York
Phoenix Hotel,4.27 mi from New York
"Luxury 1 Bdrm (King)- mins to NYC, Airport, & Prudential Center/ Downtown Newark",11 mi from New York
‚ù§Ô∏èClose to NYCüóΩFree Parkingüöó Ground Level Studio,19.28 mi from New York
Jazz On The Park Hostel,New York
Sky Hotel Flushing/LaGuardia Airport,9.61 mi from New York
"Crowne Plaza Newark Airport, an IHG Hotel",10.13 mi from New York
Hampton Inn Nanuet,26.84 mi from New York
SpringHill Suites by Marriott Newark Liberty International,8.59 mi from New York
Rodeway Inn Jersey City near Hoboken,3.77 mi from New York
Days Hotel by Wyndham North Bergen /NYC Area,4.55 mi from New York
"Holiday Inn Express Hotel & Suites Meadowlands Area, an IHG Hotel",9.16 mi from New York
Royal Hotel Bronx,13.79 mi from New York
Hyatt Place Fair Lawn Paramus,15.43 mi from New York
Hilton Hasbrouck Heights/Meadowlands,11.4 mi from New York
Courtyard by Marriott Secaucus Meadowlands,5.63 mi from New York
Wyndham Garden North Bergen Near Secaucus,4.22 mi from New York
"Holiday Inn Express Ramsey-Mahwah, an IHG Hotel",25.18 mi from New York
Red Carpet Inn Elmwood Park,13.75 mi from New York
The Kenilworth,14.56 mi from New York
Courtyard by Marriott Newark Elizabeth,9.66 mi from New York
DoubleTree by Hilton Newark Penn Station,8.49 mi from New York
Embassy Suites Newark Airport,9.58 mi from New York
Courtyard by Marriott Montvale,23.84 mi from New York
Cabana Hotel Yankee Stadium,9.75 mi from New York
Asiatic Hotel by LaGuardia Airport,9.69 mi from New York
üî∞Luxury 1BR Apt‚Ä¢ Kng Bed‚Ä¢ Rooftop DwnTwn Newark 5üåü,8.74 mi from New York
Fairfield Inn & Suites Newark Liberty International Airport,8.79 mi from New York
Residence Inn by Marriott Newark Elizabeth/Liberty International Airport,9.6 mi from New York
Americana Inn,Central New York City
Courtyard by Marriott Newark Downtown,8.88 mi from New York
Fairfield Inn by Marriott East Rutherford Meadowlands,8.98 mi from New York
Elmhurst Hotel,6.79 mi from New York
‚ùáÔ∏èROOFTOP TERRACE‚ùáÔ∏è Luxury 1BR Downtown Newark - 20 Mins to NYC,8.74 mi from New York
üåüRooftopTerraceüåü Downtown Luxury 1BR-5 min walk 2 Prudential,8.74 mi from New York
Modern and Stylish Downtown Newark,8.72 mi from New York
La Quinta Inn & Suites by Wyndham Clifton/Rutherford,10.4 mi from New York
"Crowne Plaza Saddle Brook, an IHG Hotel",14.11 mi from New York
"Holiday Inn Express Jamaica - JFK AirTrain - NYC, an IHG Hotel",10.56 mi from New York
Home2 Suites by Hilton Hasbrouck Heights,10.81 mi from New York
Hampton Inn & Suites Fairfield,19.11 mi from New York
The Local,3.98 mi from New York
Ramada by Wyndham Rockville Centre,20.39 mi from New York
Hilton Garden Inn Springfield,17.14 mi from New York
Hampton Inn & Suites Newark-Harrison-Riverwalk,8.63 mi from New York
Hotel Key LaGuardia Airport,9.81 mi from New York
SpringHill Suites by Marriott East Rutherford Meadowlands/Carlstadt,8.45 mi from New York
YMCA West Side,New York
Quality Suites NYC Gateway,4.16 mi from New York
Hilton Woodcliff Lake,23.13 mi from New York
Renaissance Newark Airport Hotel,10.08 mi from New York
Delta Hotels by Marriott Woodbridge,19.28 mi from New York
The Grand Summit Hotel,18.91 mi from New York
Cheerful 3BR residential home with free parking,10.09 mi from New York
The Baltic Hotel,2.35 mi from New York
Hotel Opus Bronx,14.31 mi from New York
Hampton Inn & Suites Staten Island,11.38 mi from New York
"Vista LIC Hotel, BW Premier Collection",4.66 mi from New York
7 Days Hotel Bronx,11.54 mi from New York
Courtyard by Marriott Lyndhurst Meadowlands,8.42 mi from New York
Meadowlands Plaza Hotel,6.57 mi from New York
"Watt Hotel Rahway, Tapestry Collection by Hilton",15.94 mi from New York
Spacious one bedroom one bathroom beautiful home,8.14 mi from New York
LUXURY COCO CHANEL THEMED APARTMENT,11.01 mi from New York
Hampton Inn & Suites Teaneck Glenpointe,10.95 mi from New York
Hilton Newark Airport,9.97 mi from New York
Nr Marriott*Airprt*FastWiFi*Train2NY,8.8 mi from New York
Hilton Garden Inn New York / Staten Island,11.26 mi from New York
Night Hotel Broadway,Upper West Side
Hampton Inn & Suites Yonkers,19.03 mi from New York
The Vue Hotel Express,4.31 mi from New York
"Home2 Suites by Hilton Rahway, NJ",15.42 mi from New York
Comfort Inn Manhattan - Midtown West,New York
Hyatt Place Secaucus/Meadowlands,5.43 mi from New York
Flushing Central Hotel,9.71 mi from New York
Royal Regency Hotel,18.28 mi from New York
Aloft Secaucus Meadowlands,5.74 mi from New York
Baymont by Wyndham White Plains - Elmsford,26.63 mi from New York
Residence Inn by Marriott Saddle River,22.96 mi from New York
Leon Hotel LES,New York
Hyatt Place Fort Lee / George Washington Bridge,10.42 mi from New York
Days Inn by Wyndham Brooklyn Marine Park,7.74 mi from New York
Residence Inn by Marriott East Rutherford Meadowlands,8.93 mi from New York
Super 8 by Wyndham North Bergen NJ/NYC Area,4.61 mi from New York
Cambria Hotel West Orange,14.25 mi from New York
Extended Stay America Suites Secaucus New York City Area,5.28 mi from New York
Element Spring Valley,27.11 mi from New York
Best Western Premier NYC Gateway Hotel,4.56 mi from New York
Tranquil Luxury King<br>Suite | Rooftop | Gym | Lounge | Walk to Prudential Center,8.74 mi from New York
"Holiday Inn New York City - Wall Street, an IHG Hotel",New York
DoubleTree by Hilton New York Downtown,New York
Four Points By Sheraton New York Downtown,New York
Teaneck Marriott at Glenpointe,10.99 mi from New York
Element Harrison - Newark,8.07 mi from New York
Residence Inn Secaucus Meadowlands,5.45 mi from New York
Freehand New York,New York
Homewood Suites by Hilton Edgewater,6.55 mi from New York
Hampton Inn Manhattan-Seaport-Financial District,New York
Extended Stay America Suites White Plains Elmsford,25.58 mi from New York
Feather Factory,4.03 mi from New York
Courtyard by Marriott Yonkers Westchester County,19.16 mi from New York
Comfort Inn & Suites,28.07 mi from New York
Hilton Garden Inn Ridgefield Park,9.6 mi from New York
SoHo 54 Hotel,New York
Highbridge Hotel,9.65 mi from New York
Family Friendly Three Bedroom Apartment outside of NYC,25.04 mi from New York
Luxurious townhouse. Safe and quiet neighborhood centrally located near all rest,9.93 mi from New York
"Holiday Inn Express New York City- Wall Street, an IHG Hotel",New York
Courtyard by Marriott West Orange,14.18 mi from New York
The Gatsby Hotel,New York
Knights Inn Brooklyn Sunset Park,4.57 mi from New York
DoubleTree by Hilton Hotel Newark Airport,8.27 mi from New York
Pod Times Square,New York
"The Cloud One New York-Downtown, by the Motel One Group",New York
Sheraton Tribeca New York Hotel,New York
Moxy NYC Downtown,New York
Marriott Park Ridge,23.08 mi from New York
Courtyard Long Island City/New York Manhattan View,4.4 mi from New York
"The L Hotel, Ascend Hotel Collection",3.85 mi from New York
Hotel Mimosa,New York
La Quinta Inn & Suites by Wyndham New York City Central Park,New York
Paramount Times Square,Theater District
Hampton Inn Manhattan/Downtown-Financial District,New York
Casa Blanca Hotel Brooklyn,2.03 mi from New York
The Shelburne Sonesta New York,New York
LIC Hotel,4 mi from New York
Courtyard by Marriott Wayne Fairfield,18.13 mi from New York
Homewood Suites by Hilton Edison Woodbridge,20.57 mi from New York
The Vue Inn Brooklyn,5.65 mi from New York
The Flat NYC,New York
"Holiday Inn Express New York - Manhattan West Side, an IHG Hotel",New York
Hotel 48LEX New York,New York
Orchard Street Hotel,New York
Element New York Times Square West,New York
Hampton Inn Garden City Long Island,20.85 mi from New York
Hampton Inn NY-JFK,11.49 mi from New York
Hampton Inn Carlstadt-At The Meadowlands,8.19 mi from New York
Pod 51,New York
Courtyard by Marriott New York Downtown Manhattan/Financial District,New York
Pod 39,New York
Comfort Inn Edgewater on Hudson River,7.52 mi from New York
Renaissance Meadowlands Hotel,8.5 mi from New York
"Distrikt Hotel New York City, Tapestry Collection by Hilton",New York
King Hotel Brooklyn Sunset Park,4.41 mi from New York
Eurostars Wall Street,New York
A place of home from home.,10.94 mi from New York
Hudson River Hotel,New York
Element New York Wood Ridge,10.09 mi from New York
Hilton Garden Inn New York/Manhattan-Midtown East,New York
"Crowne Plaza JFK Airport New York City, an IHG Hotel",11.26 mi from New York
The Manhattan at Times Square Hotel,Theater District
The Holland Hotel,2.14 mi from New York
Ameritania Hotel at Times Square,Theater District
Comfort Inn & Suites near Stadium,7.82 mi from New York
Untitled at 3 Freeman Alley,New York
Motto by Hilton New York City Chelsea,Chelsea
Hilton Garden Inn New York/Times Square Central,Theater District
The FIDI Hotel,New York
Comfort Inn Brooklyn,9.71 mi from New York
"Hotel Indigo NYC Financial District, an IHG Hotel",New York
Best Western Jamaica Inn,9.89 mi from New York
Home2 Suites by Hilton NY Long Island City/Manhattan View,4.7 mi from New York
"Hilton Garden Inn Westchester Dobbs Ferry, NY",21.49 mi from New York
The Boro Hotel,4.67 mi from New York
Comfort Inn & Suites LaGuardia Airport,5.43 mi from New York
Hyatt Centric Wall Street New York,New York
Fairfield Inn New York Manhattan/Financial District,New York
Quality Inn JFK Airport Rockaway Blvd,12.16 mi from New York
The Lodge Red Hook,2.27 mi from New York
"Holiday Inn Express & Suites Jersey City North - Hoboken, an IHG Hotel",3.9 mi from New York
Mam Homes ,13.62 mi from New York
Luxury Private Apartment‚ÄîWalk to Train for NYC!,17.73 mi from New York
JG Sohotel,SoHo
"The Time New York, part of JdV by Hyatt",Theater District
"Hotel Nyack, a JdV by Hyatt Hotel",26.67 mi from New York
Four Points by Sheraton Midtown-Times Square,New York
Hilton Garden Inn NYC Financial Center/Manhattan Downtown,New York
Midtown West Hotel,Chelsea
The Wall Street Inn,New York
Adria Hotel And Conference Center,13.32 mi from New York
Radisson Hotel JFK Airport,11.31 mi from New York
Liberty View Brooklyn hotel,3.77 mi from New York
Hyatt Place New York/Yonkers,16.74 mi from New York
Moxy NYC Lower East Side,New York
The Lex NYC,New York
Comfort Inn JFK Airport,10.93 mi from New York
The Fifty Sonesta Select New York,New York
"Avion Inn Near LGA Airport, Ascend Hotel Collection",7.26 mi from New York
Residence Inn By Marriott West Orange,14.25 mi from New York
Courtyard Jersey City Newport,1.79 mi from New York
"Holiday Inn Express & Suites Jersey City - Holland Tunnel, an IHG Hotel",2.22 mi from New York
Dream Midtown,New York
Ramada by Wyndham Bronx,14.7 mi from New York
Harmony Suites,5.55 mi from New York
Millennium Hilton New York One UN Plaza,New York
The Hotel @ Fifth Avenue,New York
Millennium Downtown New York,New York
Doxie Hotel,New York
Hotel Mulberry,New York
Hampton Inn White Plains/Tarrytown,25.59 mi from New York
Residence Inn by Marriott Wayne,20.85 mi from New York
TownePlace Suites by Marriott New York Long Island City/Manhattan View,4.52 mi from New York
Corona Hotel,8.42 mi from New York
Hilton New York JFK Airport,11.44 mi from New York
Best Western Mill River Manor,19.1 mi from New York
Moderne Hotel,New York
Residence Inn by Marriott White Plains Westchester County,25.42 mi from New York
Fairfield Inn & Suites by Marriott North Bergen,6.06 mi from New York
Fitzpatrick Manhattan Hotel,New York
John Hotel,9.56 mi from New York
The Gallivant Times Square,Theater District
Lic Plaza Hotel,4.49 mi from New York
Chelsea Inn,New York
Renaissance New York Chelsea Hotel,Chelsea
Cambria Hotel White Plains - Downtown,25.49 mi from New York
"The Algonquin Hotel Times Square, Autograph Collection",Central New York City
"Hotel Indigo - NYC Downtown - Wall Street, an IHG Hotel",New York
Newark Liberty International Airport Marriott,9.25 mi from New York
SpringHill Suites by Marriott Tarrytown Westchester County,25.65 mi from New York
"Holiday Inn Express New York City Times Square, an IHG Hotel",New York
Grayson Hotel in the Unbound Collection by Hyatt,Central New York City
Hilton Garden Inn New York/Tribeca,New York
Courtyard by Marriott New York World Trade Center Area,New York
Radio Hotel,New York
TBA Times Square,New York
Five Towns Inn - JFK Airport,15.04 mi from New York
The Ridge Hotel,New York
Pestana CR7 Times Square,New York
HGU New York,New York
Fitzpatrick Grand Central,New York
Henn na Hotel New York,New York
The Benjamin Royal Sonesta New York,New York
Aloft Long Island City - Manhattan View,4.25 mi from New York
The Modernist Hotel,4.67 mi from New York
"Candlewood Suites New York City-Times Square, an IHG Hotel",New York
La Quinta Inn & Suites by Wyndham Garden City,21.08 mi from New York
Radisson Hotel New Rochelle,18.31 mi from New York
Hyatt Place Long Island City/New York City,4.18 mi from New York
"Holiday Inn Express NYC Brooklyn - Sunset Park, an IHG Hotel",4.59 mi from New York
Best Western Plus Soho Hotel,New York
"Club Quarters Hotel, World Trade Center",New York
World Center Hotel,New York
Aloft New York LaGuardia Airport,8.12 mi from New York
"Martinique New York on Broadway, Curio Collection by Hilton",New York
The Mansion at Glen Cove,22.91 mi from New York
Courtyard by Marriott New York Manhattan/Times Square,New York
Marco LaGuardia Hotel,9.81 mi from New York
YOTEL New York Times Square,New York
"Holiday Inn Westbury - Long Island, an IHG Hotel",21.27 mi from New York
Hotel Le Bleu,2.91 mi from New York
Ink 48 Hotel,New York
NH Collection New York Madison Avenue,New York
"Crowne Plaza Times Square Manhattan, an IHG Hotel",Theater District
Residence Inn Orangeburg,22.85 mi from New York
Hotel Richland LES,New York
The Renwick,New York
"Club Quarters Hotel, Grand Central",New York
Hotel Boutique at Grand Central,New York
Chelsea Mews Guest House All Male,New York
"Holiday Inn Express Maspeth, an IHG Hotel",5.25 mi from New York
Very cozy and private retreat Estudio/apartment,18.81 mi from New York
Madison LES Hotel,New York
Red Lion Inn & Suites Long Island City,4.25 mi from New York
Best Western Brooklyn-Coney Island Inn,8.98 mi from New York
Aliz Hotel Times Square,New York
The Redbury New York,New York
Selina Chelsea,Chelsea
Ravel Hotel Trademark Collection by Wyndham,4.12 mi from New York
Courtyard by Marriott New York City Manhattan Fifth Avenue,New York
Courtyard by Marriott New York JFK Airport,11.55 mi from New York
Archer Hotel New York,Central New York City
SpringHill Suites by Marriott Tuckahoe Westchester County,19.27 mi from New York
Fairfield Inn by Marriott JFK Airport,12.26 mi from New York
"Insignia Hotel, Ascend Hotel Collection",5.34 mi from New York
Cachet Boutique New York,New York
Red Roof PLUS+ Long Island - Garden City,21.18 mi from New York
Executive Hotel Le Soleil New York,New York
Four Points by Sheraton Manhattan SoHo Village,New York
Residence Inn Marriott New York Downtown Manhattan/WTC Area,New York
"EVEN Midtown East Grand Central, an IHG Hotel",New York
Hyatt Place Garden City,20.93 mi from New York
The Parc Hotel,9.52 mi from New York
Union Hotel,2.61 mi from New York
Pestana Park Avenue,New York
Ramada by Wyndham New York Times Square West,New York
Hotel 57,New York
The James New York - NoMad,New York
Courtyard by Marriott Rye,25.89 mi from New York
The Lombardy Hotel,New York
Hilton Garden Inn New York/West 35th Street,New York
DoubleTree by Hilton New York Midtown Fifth Ave,Central New York City
"Le Meridien New York, Fifth Avenue",New York
Courtyard Westbury Long Island,21.93 mi from New York
Wyndham Garden Long Island City,3.81 mi from New York
Dream Downtown,New York
Walker Hotel Tribeca,New York
The Frederick Hotel,New York
Hotel 369 Brooklyn,6.33 mi from New York
Hilton Pearl River,23.14 mi from New York
Hilton Garden Inn Westbury,21.91 mi from New York
"Homewood Suites by Hilton Carle Place - Garden City, NY",20.39 mi from New York
"The Draper New York, Tapestry Collection by Hilton",New York
Wyndham Garden Brooklyn Sunset Park,4.22 mi from New York
Graduate New York,New York
Hilton New York Fashion District,Chelsea
"Holiday Inn Express Roslyn - Manhasset Area, an IHG Hotel",18.84 mi from New York
Hilton Garden Inn Queens/JFK Airport,10.96 mi from New York
"Club Quarters, Times Square - Midtown",Central New York City
The Evelyn Hotel,New York
Royalton New York,Central New York City
Mint House at 70 Pine,New York
Hilton Garden Inn New York/Central Park South-Midtown West,Theater District
Rockville Centre Hotel,18.63 mi from New York
The New Yorker A Wyndham Hotel,New York
Fairfield Inn by Marriott New York Manhattan/Fifth Avenue,New York
East Village Hotel,New York
"voco Times Square South, an IHG Hotel",New York
"Holiday Inn New York City - Times Square, an IHG Hotel",New York
Mondrian Park Avenue,New York
Residence Inn by Marriott Weehawken,4.49 mi from New York
Opera House Hotel,8.51 mi from New York
Wingate by Wyndham Bronx/Haven Park,8.02 mi from New York
Westgate New York Grand Central,New York
Extended Stay America Suites New York City LaGuardia Airport,10.6 mi from New York
Hilton Garden Inn New York/Midtown Park Ave,New York
Da Vinci Hotel,New York
The Solita Soho Hotel,New York
The One Boutique Hotel,9.93 mi from New York
Nesva Hotel,4.66 mi from New York
Hotel Edison Times Square,Theater District
Hampton Inn Manhattan/Times Square South,New York
Hotel Hendricks,Central New York City
DoubleTree by Hilton Hotel New York City - Chelsea,Chelsea
Park Terrace Hotel,Central New York City
Hilton Garden Inn Roslyn,19.41 mi from New York
"The Bernic Hotel New York City, Tapestry Collection by Hilton",New York
"Holiday Inn NYC - Lower East Side, an IHG Hotel",New York
Margaritaville Resort Times Square,Theater District
Sheraton Tarrytown Hotel,25.63 mi from New York
Sonesta White Plains Downtown,25.38 mi from New York
La Quinta Inn & Suites by Wyndham Times Square South,New York
New York Hilton Midtown,Central New York City
Fairfield Inn by Marriott New York Manhattan/Times Square,New York
"The Lexington Hotel, Autograph Collection",New York
Global Luxury Suites at The Arches,7.78 mi from New York
Sonder The Industrialist,2.69 mi from New York
Millennium Hotel Broadway Times Square,Theater District
Sheraton New York Times Square Hotel,Theater District
Residence Inn Woodbridge Edison/Raritan Center,18.69 mi from New York
Best Western Queens Gold Coast,13.28 mi from New York
The Westin New York Grand Central,New York
Hyatt Place New York/Chelsea,Chelsea
Hyatt Centric Midtown 5th Avenue New York,New York
"Hotel Indigo Lower East Side New York, an IHG Hotel",New York
Springhill Suites by Marriott Carle Place Garden City,20.34 mi from New York
Pod Brooklyn,2.46 mi from New York
Canopy by Hilton Jersey City Arts District,1.85 mi from New York
"The Jewel, a Club Quarters Hotel, Opposite Rockefeller Center",Central New York City
Sonesta Simply Suites Jersey City,1.56 mi from New York
Sonder The William,New York
The Bryant Park Hotel,Central New York City
"Holiday Inn Express Manhattan Times Square South, an IHG Hotel",New York
CIVILIAN Hotel,New York
SIXTY Lower East Side,New York
Executive Class at MTS Hotel,Theater District
SpringHill Suites by Marriott New York Manhattan/Chelsea,Chelsea
Hyatt Grand Central New York,New York
Courtyard by Marriott New York Manhattan/Midtown West,New York
Courtyard by Marriott New York Queens/Fresh Meadows,11.44 mi from New York
The Marlton Hotel,Greenwich Village
"Holiday Inn Brooklyn Downtown, an IHG Hotel",2.13 mi from New York
Castle Hotel & Spa,25.88 mi from New York
AC Hotel by Marriott New York Downtown,New York
Fairfield Inn & Suites by Marriott New York ManhattanChelsea,Chelsea
citizenM New York Bowery,New York
Ace Hotel New York,New York
Wyndham Garden Chinatown,New York
Courtyard by Marriott Edgewater NYC Area,6.31 mi from New York
New York LaGuardia Airport Marriott,8.2 mi from New York
SpringHill Suites by Marriott New York JFK Airport/Jamaica,10.04 mi from New York
Hotel Hayden,Chelsea
Hyatt Place New York Midtown South,New York
The Allen Hotel,New York
RIU Plaza Manhattan Times Square,Theater District
Redford Hotel,New York
Artezen Hotel,New York
The Westin New York at Times Square,Theater District
citizenM New York Times Square,Theater District
Truss Hotel Times Square ,New York
Hotel St. James,Theater District
Hilton New York Times Square,Theater District
"Holiday Inn Express - New York City Chelsea, an IHG Hotel",Chelsea
OYO Times Square,Theater District
Hilton Garden Inn New York Times Square South,New York
6 Columbus Central Park Hotel,New York
DoubleTree by Hilton Hotel & Suites Jersey City,1.77 mi from New York
Hilton Garden Inn Long Island City New York,4.45 mi from New York
Warwick New York,Central New York City
HYATT house White Plains,25.81 mi from New York
Courtyard New York Manhattan/ Midtown East,New York
City Club Hotel,Central New York City
Omni Berkshire Place,New York
The Iroquois New York,Central New York City
The Shoreham Hotel,Central New York City
Hampton Inn Manhattan-Chelsea,Chelsea
"Hotel 50 Bowery, part of JdV by Hyatt",New York
M Social Hotel Times Square New York,Theater District
Park Central Hotel New York,New York
SpringHill Suites by Marriott New York Manhattan/Times Square South,New York
"InterContinental New York Times Square, an IHG Hotel",New York
Residence Inn by Marriott New York Manhattan/Midtown East,New York
Aloft New York Brooklyn,1.85 mi from New York
Kixby,New York
Peachtree Suites,3.34 mi from New York
Hyatt Centric Times Square New York,Theater District
Renaissance New York Times Square Hotel,Theater District
New York Marriott Downtown,New York
Sheraton Lincoln Harbor Hotel,3.3 mi from New York
Fairfield Inn & Suites New York Queens/Fresh Meadows,11.4 mi from New York
TRYP by Wyndham New York City Times Square / Midtown,New York
Midtown Convention Center Hotel,New York
Residence Inn by Marriott New York Manhattan/Times Square,New York
Doubletree by Hilton New York Times Square South,New York
"Holiday Inn Manhattan 6th Ave - Chelsea, an IHG Hotel",Chelsea
Hyatt House Jersey City,1.48 mi from New York
Learn at Ellis Island Museum! Sophisticated Suite! Parking Available!,1.59 mi from New York
Visit Liberty Science Center! Contemporary Unit! Interactive Exhibits!,1.59 mi from New York
The Sohotel,New York
"EVEN Hotel Brooklyn, an IHG Hotel",2.16 mi from New York
"Gild Hall, A Thompson Hotel",New York
New York Marriott at the Brooklyn Bridge,1.61 mi from New York
Hilton Garden Inn New York Times Square North,Central New York City
The Maritime Hotel,New York
The Moore,Chelsea
Courtyard by Marriott New York Manhattan/SoHo,New York
Residence Inn by Marriott New York Downtown Manhattan/Financial District,New York
TownePlace Suites by Marriott New York Manhattan,New York
Concorde Hotel New York,New York
The Michelangelo Hotel,Theater District
Heritage Hotel,New York
SpringHill Suites by Marriott New York Midtown Manhattan,New York
EVEN Hotel New York - Times Square South,New York
Sheraton Brooklyn New York Hotel,1.85 mi from New York
Fairfield Inn by Marriott New York LaGuardia Airport/Astoria,6.49 mi from New York
Ramada by Wyndham Flushing Queens,9.66 mi from New York
Dylan Hotel NYC,New York
Sonder The Dutch,4.58 mi from New York
Best Western Plus Brooklyn Bay Hotel,9.58 mi from New York
"Viana Hotel and Spa, Trademark Collection by Wyndham",23.77 mi from New York
DoubleTree by Hilton Hotel Nanuet,26.15 mi from New York
Hotel On Rivington,New York
Moxy Brooklyn Willamsburg,2.26 mi from New York
Iberostar 70 Park Avenue,New York
"Hotel Indigo Flushing, an IHG Hotel",9.68 mi from New York
Hampton Inn & Suites Rockville Centre,18.91 mi from New York
Hotel 32 32,New York
Walker Hotel Greenwich Village,Greenwich Village
Comfort Inn Prospect Park - Brooklyn,3.44 mi from New York
Homewood Suites New York/Midtown Manhattan Times Square,New York
NU Hotel Brooklyn,1.88 mi from New York
Sanctuary Hotel New York,Theater District
SpringHill Suites by Marriott New York Midtown Manhattan/Park Avenue,New York
The Marmara Park Avenue,New York
Merrion Row Hotel and Public House,Theater District
New York Marriott Marquis,Theater District
"Le Meridien New York, Central Park by Marriott",New York
"The MC, Autograph Collection",13.45 mi from New York
The Westin Jersey City Newport,1.77 mi from New York
Hampton Inn Manhattan Grand Central,New York
W New York - Times Square,Theater District
Moxy NYC East Village,New York
Cambria Hotel New York - Chelsea,Chelsea
Citadines Connect Fifth Avenue New York,Central New York City
Refinery Hotel,Central New York City
Virgin Hotels New York City,New York
Arlo NoMad,New York
Chelsea Pines Inn,New York
Broadway Plaza Hotel,New York
Hampton Inn Manhattan/Times Square Central,Theater District
"Crowne Plaza HY36 Midtown Manhattan, an IHG Hotel",New York
Sheraton LaGuardia East Hotel,9.68 mi from New York
"Envue, Autograph Collection",4.48 mi from New York
Best Western Premier Empire State Hotel,New York
"Staypineapple, An Artful Hotel, Midtown",New York
Placemakr Wall Street,New York
King Room in Brooklyn,2.61 mi from New York
The Garden City Hotel,19.21 mi from New York
Millennium Premier New York Times Square,Theater District
The Gotham Hotel,New York
Best Western Plus Hospitality House,New York
Residence Inn by Marriott New York JFK Airport,11.38 mi from New York
Arlo Midtown,New York
INNSiDE by Meli√° New York Nomad,Chelsea
Hampton Inn Brooklyn/Downtown,1.66 mi from New York
Kasa Lantern Lower East Side,New York
Courtyard by Marriott Tarrytown Westchester County,25.75 mi from New York
Fairfield Inn & Suites New York Manhattan / Central Park,New York
San Carlos Hotel,New York
Wingate by Wyndham New York Midtown South/5th Ave,New York
AC Hotel by Marriott New York Times Square,New York
Fairfield Inn & Suites by Marriott New York Brooklyn,2.51 mi from New York
Fairfield Inn & Suites New York Midtown Manhattan/Penn Station,Chelsea
Four Points By Sheraton Manhattan Midtown West,New York
Best Western Gregory Hotel,6.21 mi from New York
Washington Square Hotel,Greenwich Village
The Nolitan,New York
Hotel Riu Plaza New York Times Square,New York
NoMo SoHo,SoHo
Hyatt Union Square New York,New York
Courtyard by Marriott New York Manhattan / Central Park,New York
Residence Inn New York Manhattan/Central Park,New York
Aloft Harlem,Harlem
Hard Rock Hotel New York,Theater District
NobleDEN Hotel,New York
Empire Hotel,New York
"Marriott Vacation Club Pulse, New York City",New York
Arlo SoHo,New York
The Standard East Village,New York
W New York - Union Square,New York
The Kitano Hotel New York,New York
Sofitel New York,Central New York City
Made Hotel,New York
Fairfield Inn & Suites New York Manhattan/Times Square South,New York
Hyatt Place New York City/Times Square,New York
Hyatt House New York/Chelsea,Chelsea
The Hilton Club - New York,Central New York City
The Gardens Sonesta ES Suites New York,New York
Moxy NYC Times Square,New York
"PUBLIC, an Ian Schrager hotel",New York
11 Howard,SoHo
"The Beekman, A Thompson Hotel",New York
The Belvedere Hotel,New York
Roxy Hotel New York,New York
Sonder Duane Street,New York
Royalton Park Avenue,New York
The MUSE New York,Theater District
Soho Grand Hotel,SoHo
Park Lane New York,Central New York City
Hotel Giraffe by Library Hotel Collection,New York
"InterContinental New York Barclay, an IHG Hotel",New York
Hotel Hugo,New York
Hilton Club The Central at 5th New York,New York
The Knickerbocker Hotel,Theater District
Arthouse Hotel New York City,Upper West Side
Courtyard New York Manhattan/Times Square West,New York
Courtyard by Marriott New York Manhattan/Upper East Side,New York
Hotel Beacon,Upper West Side
The Hotel Chelsea,Chelsea
Gansevoort Meatpacking,New York
The Standard High Line,New York
Library Hotel by Library Hotel Collection,New York
Courtyard by Marriott New York Manhattan / Chelsea,Chelsea
The Lucerne Hotel,Upper West Side
Smyth Tribeca,New York
Hyatt Herald Square New York,New York
Hotel Belleclaire,Upper West Side
NYC Getaway! Great Proximity to Attractions! Minutes to LaGuardia Airport!,New York
The Kimberly Hotel,New York
The Pearl New York,Theater District
Hotel Elysee by Library Hotel Collection,New York
Carnegie Hotel,New York
The Ludlow Hotel,New York
Hotel and the City-Midtown,New York
ModernHaus SoHo,SoHo
1 Hotel Central Park,Central New York City
The Ned NoMad,New York
SIXTY SoHo,SoHo
The Wallace,Upper West Side
"Deluxe King, Beautiful Oversized Room",New York
Renaissance New York Midtown Hotel,New York
The Times Square EDITION,Theater District
33 Seaport Hotel New York,New York
Superior King,New York
JW Marriott Essex House New York,New York
Conrad New York Midtown,New York
The Bowery Hotel,New York
Hilton Club The Quin New York,Central New York City
Thompson Central Park - New York,New York
Sonder Chambers,Central New York City
The Broome Nyc,SoHo
Hotel AKA NoMad,New York
The New York EDITION,New York
Loews Regency New York Hotel,New York
The Wall Street Hotel,New York
Andaz 5th Avenue - a concept by Hyatt,Central New York City
Deluxe Double Queen,New York
Deluxe Double Queen with Balcony,New York
Lotte New York Palace,New York
Nine Orchard,New York
The Dominick,New York
"The Chatwal, In The Unbound Collection By Hyatt",Theater District
Top Notch 2BR & 2BA Suite Minutes From Central Park in Upper East Side,New York
"The Langham, New York, Fifth Avenue",New York
Trump International Hotel & Tower New York,New York
Pendry Manhattan West,Chelsea
Equinox Hotel New York,New York
The Sherry Netherland,New York
Luxury Junior Suite x Balcony and NYC view in the heart of Downtown Manhattan,New York
Hilton Club West 57th Street New York,New York
The Mercer,SoHo
Hotel Scherman,New York
The Plaza Hotel,Central New York City
The Peninsula New York,Central New York City
2 x Grand Deluxe King at Royalton Park Avenue,New York
The St. Regis New York,New York
Four Seasons Hotel New York Downtown,New York
"The Pierre, A Taj Hotel, New York",New York
"The Carlyle, A Rosewood Hotel",New York
Park Hyatt New York,New York
Luxury Family Suite with Patio,New York
Quintessential King with Balcony,New York
Hotel Barriere Fouquets New York,New York
The Towers at Lotte New York Palace,New York
"Mandarin Oriental, New York",New York
"The Ritz-Carlton New York, NoMad",New York
"The Ritz-Carlton New York, Central Park",Central New York City
Baccarat Hotel and Residences New York,Central New York City
Casa Cipriani New York,New York
The Mark,New York
5th & 55th Residence Club,New York
The Lowell,New York
Conrad New York Downtown,New York
Chelsea Hotel Room King Bed,Chelsea
Bowery Grand Hotel,New York
Kama Central Park Hostel,New York
Nap York Central Park Sleep Station,New York
Hampton Inn Manhattan-35th St/Empire State Bldg,New York
Canal Loft Hotel,New York
The Wagner,New York
Night Hotel by SB at Times Square,Theater District
Marrakech New York,New York
Riff Hotel Chelsea,Chelsea
Candy Hostel,Upper West Side
The Surrey,New York
Excelsior Hotel,Upper West Side
The Residences by Hilton Club,New York
Ymca Harlem,Harlem
Best Western Bowery Hanbee Hotel,New York
Gem Hotel Soho,New York
Royal Park,New York
AKA Wall Street,New York
New World Hotel,New York
Artel Hotel by The Red Collection Times Square,New York
Pestana CR7 Times Square,New York
Hyatt House New York Chelsea,Chelsea
Nyma The New York Manhattan Hotel,New York
Spacious and Historic Duplex Apartment,Harlem
HI New York City,New York
"FEMALES ONLY <br>Quite safe neighborhood near NYC, transportation & mall<br>",15.2 mi from New York
Extended Stay America Suites Newark Woodbridge,19.55 mi from New York
Quiet getaway.,13.05 mi from New York
Cozy Shack-1 Bedroom Studio,6.47 mi from New York
